marker_id,parent_frame,child_frame,point_definition,x_m,y_m,z_m,qx,qy,qz,qw,normal_x,normal_y,normal_z,verification
S04,pelvis_link,S04_sticker,nominal_sticker_surface_0.20mm,-0.023680990,0.072053090,-0.061630517,0.058561198288,-0.695440440670,-0.713667739083,0.060096070830,-0.167172951922,0.985588218078,0.025866359073,CAD_NOMINAL_NOT_PHYSICAL_CALIBRATION
S05,pelvis_link,S05_sticker,nominal_sticker_surface_0.20mm,-0.067166397,0.047266147,-0.054581659,0.310749567639,-0.620854326153,-0.643589562153,0.322128991860,-0.799980712703,0.598947837971,0.035949223818,CAD_NOMINAL_NOT_PHYSICAL_CALIBRATION
S11,pelvis_link,S11_sticker,nominal_sticker_surface_0.20mm,0.068681054,0.013752572,-0.093371537,0.462923048150,0.503187278121,0.537035321344,0.494062625846,0.994424111683,0.083032729738,0.065009629258,CAD_NOMINAL_NOT_PHYSICAL_CALIBRATION
S12,pelvis_link,S12_sticker,nominal_sticker_surface_0.20mm,0.055717983,0.068987617,-0.102705623,0.224818655615,0.444055374625,0.773813546058,0.391770331050,0.695870884485,0.511077569897,0.504542792708,CAD_NOMINAL_NOT_PHYSICAL_CALIBRATION
S13,pelvis_link,S13_sticker,nominal_sticker_surface_0.20mm,0.024198043,0.082665663,-0.090053739,0.071168708534,0.366458267334,0.910693610474,0.176862944310,0.259251552509,0.642288190465,0.721286706457,CAD_NOMINAL_NOT_PHYSICAL_CALIBRATION
S14,pelvis_link,S14_sticker,nominal_sticker_surface_0.20mm,-0.035525700,0.082456235,-0.094529074,0.103015589614,-0.404458941039,-0.880620804762,0.224293895435,-0.362870685717,0.666138380532,0.651601506620,CAD_NOMINAL_NOT_PHYSICAL_CALIBRATION
S16,pelvis_link,S16_sticker,nominal_sticker_surface_0.20mm,-0.086615966,-0.018974166,-0.113903749,0.474377655884,-0.447546644959,-0.520214726052,0.551402284165,-0.987112969203,-0.057505135417,0.149335680369,CAD_NOMINAL_NOT_PHYSICAL_CALIBRATION
S18,pelvis_link,S18_sticker,nominal_sticker_surface_0.20mm,-0.022709647,-0.083579602,-0.089897553,0.366102948054,-0.060399975101,-0.151159841595,0.916226596821,-0.221360254541,-0.652606415027,0.724640948867,CAD_NOMINAL_NOT_PHYSICAL_CALIBRATION
S19,pelvis_link,S19_sticker,nominal_sticker_surface_0.20mm,0.034664172,-0.079647159,-0.092671819,0.403055295794,0.116867789982,0.252775493328,0.871775715520,0.407530004931,-0.643665011236,0.647776696394,CAD_NOMINAL_NOT_PHYSICAL_CALIBRATION
S20,pelvis_link,S20_sticker,nominal_sticker_surface_0.20mm,0.066487736,-0.030621789,-0.093037623,0.518651312375,0.418644928088,0.468231502041,0.580083184426,0.971395532116,-0.209676322778,0.111474480715,CAD_NOMINAL_NOT_PHYSICAL_CALIBRATION
S21,pelvis_link,S21_sticker,nominal_sticker_surface_0.20mm,0.079131593,0.034880717,-0.156415262,0.490323353277,0.557155018757,0.503112357516,0.442763198584,0.986750952848,0.126428877502,-0.101677411389,CAD_NOMINAL_NOT_PHYSICAL_CALIBRATION
S22,pelvis_link,S22_sticker,nominal_sticker_surface_0.20mm,0.079112904,-0.034871230,-0.156402891,0.556511222759,0.490118465353,0.443399723822,0.503463835621,0.987027689901,-0.125729765198,-0.099841702274,CAD_NOMINAL_NOT_PHYSICAL_CALIBRATION
