frame_index,time_s,phase,source_fullbody_global_frame,event_mask,q_des_rad::left_hip_pitch_joint,q_des_rad::right_hip_pitch_joint,q_des_rad::waist_yaw_joint,q_des_rad::left_hip_roll_joint,q_des_rad::right_hip_roll_joint,q_des_rad::waist_roll_joint,q_des_rad::left_hip_yaw_joint,q_des_rad::right_hip_yaw_joint,q_des_rad::waist_pitch_joint,q_des_rad::left_knee_joint,q_des_rad::right_knee_joint,q_des_rad::head_yaw_joint,q_des_rad::left_shoulder_pitch_joint,q_des_rad::right_shoulder_pitch_joint,q_des_rad::left_ankle_pitch_joint,q_des_rad::right_ankle_pitch_joint,q_des_rad::head_pitch_joint,q_des_rad::left_shoulder_roll_joint,q_des_rad::right_shoulder_roll_joint,q_des_rad::left_ankle_roll_joint,q_des_rad::right_ankle_roll_joint,q_des_rad::left_shoulder_yaw_joint,q_des_rad::right_shoulder_yaw_joint,q_des_rad::left_elbow_joint,q_des_rad::right_elbow_joint,q_des_rad::left_wrist_roll_joint,q_des_rad::right_wrist_roll_joint,q_des_rad::left_wrist_pitch_joint,q_des_rad::right_wrist_pitch_joint,q_des_rad::left_wrist_yaw_joint,q_des_rad::right_wrist_yaw_joint,dq_des_rad_s::left_hip_pitch_joint,dq_des_rad_s::right_hip_pitch_joint,dq_des_rad_s::waist_yaw_joint,dq_des_rad_s::left_hip_roll_joint,dq_des_rad_s::right_hip_roll_joint,dq_des_rad_s::waist_roll_joint,dq_des_rad_s::left_hip_yaw_joint,dq_des_rad_s::right_hip_yaw_joint,dq_des_rad_s::waist_pitch_joint,dq_des_rad_s::left_knee_joint,dq_des_rad_s::right_knee_joint,dq_des_rad_s::head_yaw_joint,dq_des_rad_s::left_shoulder_pitch_joint,dq_des_rad_s::right_shoulder_pitch_joint,dq_des_rad_s::left_ankle_pitch_joint,dq_des_rad_s::right_ankle_pitch_joint,dq_des_rad_s::head_pitch_joint,dq_des_rad_s::left_shoulder_roll_joint,dq_des_rad_s::right_shoulder_roll_joint,dq_des_rad_s::left_ankle_roll_joint,dq_des_rad_s::right_ankle_roll_joint,dq_des_rad_s::left_shoulder_yaw_joint,dq_des_rad_s::right_shoulder_yaw_joint,dq_des_rad_s::left_elbow_joint,dq_des_rad_s::right_elbow_joint,dq_des_rad_s::left_wrist_roll_joint,dq_des_rad_s::right_wrist_roll_joint,dq_des_rad_s::left_wrist_pitch_joint,dq_des_rad_s::right_wrist_pitch_joint,dq_des_rad_s::left_wrist_yaw_joint,dq_des_rad_s::right_wrist_yaw_joint,tau_ff_nm::left_hip_pitch_joint,tau_ff_nm::right_hip_pitch_joint,tau_ff_nm::waist_yaw_joint,tau_ff_nm::left_hip_roll_joint,tau_ff_nm::right_hip_roll_joint,tau_ff_nm::waist_roll_joint,tau_ff_nm::left_hip_yaw_joint,tau_ff_nm::right_hip_yaw_joint,tau_ff_nm::waist_pitch_joint,tau_ff_nm::left_knee_joint,tau_ff_nm::right_knee_joint,tau_ff_nm::head_yaw_joint,tau_ff_nm::left_shoulder_pitch_joint,tau_ff_nm::right_shoulder_pitch_joint,tau_ff_nm::left_ankle_pitch_joint,tau_ff_nm::right_ankle_pitch_joint,tau_ff_nm::head_pitch_joint,tau_ff_nm::left_shoulder_roll_joint,tau_ff_nm::right_shoulder_roll_joint,tau_ff_nm::left_ankle_roll_joint,tau_ff_nm::right_ankle_roll_joint,tau_ff_nm::left_shoulder_yaw_joint,tau_ff_nm::right_shoulder_yaw_joint,tau_ff_nm::left_elbow_joint,tau_ff_nm::right_elbow_joint,tau_ff_nm::left_wrist_roll_joint,tau_ff_nm::right_wrist_roll_joint,tau_ff_nm::left_wrist_pitch_joint,tau_ff_nm::right_wrist_pitch_joint,tau_ff_nm::left_wrist_yaw_joint,tau_ff_nm::right_wrist_yaw_joint,kp_nm_per_rad::left_hip_pitch_joint,kp_nm_per_rad::right_hip_pitch_joint,kp_nm_per_rad::waist_yaw_joint,kp_nm_per_rad::left_hip_roll_joint,kp_nm_per_rad::right_hip_roll_joint,kp_nm_per_rad::waist_roll_joint,kp_nm_per_rad::left_hip_yaw_joint,kp_nm_per_rad::right_hip_yaw_joint,kp_nm_per_rad::waist_pitch_joint,kp_nm_per_rad::left_knee_joint,kp_nm_per_rad::right_knee_joint,kp_nm_per_rad::head_yaw_joint,kp_nm_per_rad::left_shoulder_pitch_joint,kp_nm_per_rad::right_shoulder_pitch_joint,kp_nm_per_rad::left_ankle_pitch_joint,kp_nm_per_rad::right_ankle_pitch_joint,kp_nm_per_rad::head_pitch_joint,kp_nm_per_rad::left_shoulder_roll_joint,kp_nm_per_rad::right_shoulder_roll_joint,kp_nm_per_rad::left_ankle_roll_joint,kp_nm_per_rad::right_ankle_roll_joint,kp_nm_per_rad::left_shoulder_yaw_joint,kp_nm_per_rad::right_shoulder_yaw_joint,kp_nm_per_rad::left_elbow_joint,kp_nm_per_rad::right_elbow_joint,kp_nm_per_rad::left_wrist_roll_joint,kp_nm_per_rad::right_wrist_roll_joint,kp_nm_per_rad::left_wrist_pitch_joint,kp_nm_per_rad::right_wrist_pitch_joint,kp_nm_per_rad::left_wrist_yaw_joint,kp_nm_per_rad::right_wrist_yaw_joint,kd_nm_s_per_rad::left_hip_pitch_joint,kd_nm_s_per_rad::right_hip_pitch_joint,kd_nm_s_per_rad::waist_yaw_joint,kd_nm_s_per_rad::left_hip_roll_joint,kd_nm_s_per_rad::right_hip_roll_joint,kd_nm_s_per_rad::waist_roll_joint,kd_nm_s_per_rad::left_hip_yaw_joint,kd_nm_s_per_rad::right_hip_yaw_joint,kd_nm_s_per_rad::waist_pitch_joint,kd_nm_s_per_rad::left_knee_joint,kd_nm_s_per_rad::right_knee_joint,kd_nm_s_per_rad::head_yaw_joint,kd_nm_s_per_rad::left_shoulder_pitch_joint,kd_nm_s_per_rad::right_shoulder_pitch_joint,kd_nm_s_per_rad::left_ankle_pitch_joint,kd_nm_s_per_rad::right_ankle_pitch_joint,kd_nm_s_per_rad::head_pitch_joint,kd_nm_s_per_rad::left_shoulder_roll_joint,kd_nm_s_per_rad::right_shoulder_roll_joint,kd_nm_s_per_rad::left_ankle_roll_joint,kd_nm_s_per_rad::right_ankle_roll_joint,kd_nm_s_per_rad::left_shoulder_yaw_joint,kd_nm_s_per_rad::right_shoulder_yaw_joint,kd_nm_s_per_rad::left_elbow_joint,kd_nm_s_per_rad::right_elbow_joint,kd_nm_s_per_rad::left_wrist_roll_joint,kd_nm_s_per_rad::right_wrist_roll_joint,kd_nm_s_per_rad::left_wrist_pitch_joint,kd_nm_s_per_rad::right_wrist_pitch_joint,kd_nm_s_per_rad::left_wrist_yaw_joint,kd_nm_s_per_rad::right_wrist_yaw_joint
0,0,SPIN001_PREP,1000,1,-0.24609999999999999,-0.24609999999999999,0,0.0055999999999999999,-0.0055999999999999999,0,-0.034799999999999998,0.034799999999999998,0,0.44679999999999997,0.44679999999999997,0,-1.7507963267948965,-1.0843337675436957,-0.18540000000000001,-0.18540000000000001,0,0.29936459787956377,-0.84211044977745053,-0.0077999999999999996,0.0077999999999999996,-0.17191156192620849,1.3280355866488012,-0.016539307308662706,-0.31464498168866195,0.025855783413169704,0.46510246104005226,0.028596479664696445,0.11890206580601678,-1.311189255399841,0.18822013473166829,0,0,0,0,0,0,0,0,0,0,0,0,0,0.027112763813663676,0,0,0,0,0.019430850328255866,0,0,0,-0.021569469244919759,0,0.00091606361183049767,0,0.0024981016357866759,0,0.016338429280207678,0,0.022412371486699167,0,0,0,0,0,0,0,0,0,0,0,0,0,0,0,0,0,0,0,0,0,0,0,0,0,0,0,0,0,0,0,2250,2250,400,400,400,500,300,300,500,3000,3000,40,60,60,750,750,40,60,60,500,500,45,45,45,45,45,45,30,30,30,30,12,12,4,7,7,4,7,7,4,12,12,2,4.5,4.5,7.5,7.5,2,4.5,4.5,5,5,3,3,3,3,3,3,3,3,3,3
1,0.02,SPIN001_PREP,1002,0,-0.24609999999999999,-0.24609999999999999,0,0.0055999999999999999,-0.0055999999999999999,0,-0.034799999999999998,0.034799999999999998,0,0.44679999999999997,0.44679999999999997,0,-1.7507963267948965,-1.0837915122674224,-0.18540000000000001,-0.18540000000000001,0,0.29936459787956377,-0.84172183277088541,-0.0077999999999999996,0.0077999999999999996,-0.17191156192620849,1.3276041972639028,-0.016539307308662706,-0.31462666041642534,0.025855783413169704,0.465152423072768,0.028596479664696445,0.11922883439162094,-1.311189255399841,0.18866838216140228,0,0,0,0,0,0,0,0,0,0,0,0,0,0.10112699857448559,0,0,0,0,0.072474484230058978,0,0,0,-0.080451248001639497,0,0.0034167952852229289,0,0.0093175864436897959,0,0.060940165520724857,0,0.083595161119065509,0,0,0,0,0,0,0,0,0,0,0,0,0,0,0,0,0,0,0,0,0,0,0,0,0,0,0,0,0,0,0,2250,2250,400,400,400,500,300,300,500,3000,3000,40,60,60,750,750,40,60,60,500,500,45,45,45,45,45,45,30,30,30,30,12,12,4,7,7,4,7,7,4,12,12,2,4.5,4.5,7.5,7.5,2,4.5,4.5,5,5,3,3,3,3,3,3,3,3,3,3
2,0.040000000000000001,SPIN001_PREP,1004,0,-0.24609999999999999,-0.24609999999999999,0,0.0055999999999999999,-0.0055999999999999999,0,-0.034799999999999998,0.034799999999999998,0,0.44679999999999997,0.44679999999999997,0,-1.7507963267948965,-1.0802886876007163,-0.18540000000000001,-0.18540000000000001,0,0.29936459787956377,-0.83921147040824817,-0.0077999999999999996,0.0077999999999999996,-0.17191156192620849,1.3248175367287356,-0.016539307308662706,-0.31450830987725303,0.025855783413169704,0.46547516449779985,0.028596479664696445,0.12133967242684578,-1.311189255399841,0.19156394117643091,0,0,0,0,0,0,0,0,0,0,0,0,0,0.30395694853750932,0,0,0,0,0.21783621964387989,0,0,0,-0.24181194135411421,0,0.010269845672407352,0,0.028005826169878734,0,0.18316757162931963,0,0.25126158636595008,0,0,0,0,0,0,0,0,0,0,0,0,0,0,0,0,0,0,0,0,0,0,0,0,0,0,0,0,0,0,0,2250,2250,400,400,400,500,300,300,500,3000,3000,40,60,60,750,750,40,60,60,500,500,45,45,45,45,45,45,30,30,30,30,12,12,4,7,7,4,7,7,4,12,12,2,4.5,4.5,7.5,7.5,2,4.5,4.5,5,5,3,3,3,3,3,3,3,3,3,3
3,0.059999999999999998,SPIN001_PREP,1006,0,-0.24609999999999999,-0.24609999999999999,0,0.0055999999999999999,-0.0055999999999999999,0,-0.034799999999999998,0.034799999999999998,0,0.44679999999999997,0.44679999999999997,0,-1.7507963267948965,-1.0716332343259221,-0.18540000000000001,-0.18540000000000001,0,0.29936459787956377,-0.83300838398513022,-0.0077999999999999996,0.0077999999999999996,-0.17191156192620849,1.3179317196097382,-0.016539307308662706,-0.31421586658952905,0.025855783413169704,0.46627265611956314,0.028596479664696445,0.12655553725679372,-1.311189255399841,0.19871884561604028,0,0,0,0,0,0,0,0,0,0,0,0,0,0.59730604972370593,0,0,0,0,0.42807013449858156,0,0,0,-0.4751848449630891,0,0.02018128218279347,0,0.055034272054860223,0,0.35994274575331836,0,0.4937543501527662,0,0,0,0,0,0,0,0,0,0,0,0,0,0,0,0,0,0,0,0,0,0,0,0,0,0,0,0,0,0,0,2250,2250,400,400,400,500,300,300,500,3000,3000,40,60,60,750,750,40,60,60,500,500,45,45,45,45,45,45,30,30,30,30,12,12,4,7,7,4,7,7,4,12,12,2,4.5,4.5,7.5,7.5,2,4.5,4.5,5,5,3,3,3,3,3,3,3,3,3,3
4,0.080000000000000002,SPIN001_PREP,1008,0,-0.24609999999999999,-0.24609999999999999,0,0.0055999999999999999,-0.0055999999999999999,0,-0.034799999999999998,0.034799999999999998,0,0.44679999999999997,0.44679999999999997,0,-1.7507963267948965,-1.056396445611768,-0.18540000000000001,-0.18540000000000001,0,0.29936459787956377,-0.82208866502830491,-0.0077999999999999996,0.0077999999999999996,-0.17191156192620849,1.305810142930212,-0.016539307308662706,-0.3137010585899413,0.025855783413169704,0.46767653537999426,0.028596479664696445,0.13573738225697851,-1.311189255399841,0.21131411518254156,0,0,0,0,0,0,0,0,0,0,0,0,0,0.94506979737169483,0,0,0,0,0.67730128542742851,0,0,0,-0.75184713992282881,0,0.031931235707417793,0,0.087076346143560857,0,0.56950874338515389,0,0.78122818924421522,0,0,0,0,0,0,0,0,0,0,0,0,0,0,0,0,0,0,0,0,0,0,0,0,0,0,0,0,0,0,0,2250,2250,400,400,400,500,300,300,500,3000,3000,40,60,60,750,750,40,60,60,500,500,45,45,45,45,45,45,30,30,30,30,12,12,4,7,7,4,7,7,4,12,12,2,4.5,4.5,7.5,7.5,2,4.5,4.5,5,5,3,3,3,3,3,3,3,3,3,3
5,0.10000000000000001,SPIN001_PREP,1010,0,-0.24609999999999999,-0.24609999999999999,0,0.0055999999999999999,-0.0055999999999999999,0,-0.034799999999999998,0.034799999999999998,0,0.44679999999999997,0.44679999999999997,0,-1.7507963267948965,-1.0338304424310543,-0.18540000000000001,-0.18540000000000001,0,0.29936459787956377,-0.80591633256803308,-0.0077999999999999996,0.0077999999999999996,-0.17191156192620849,1.2878578340128251,-0.016539307308662706,-0.31293861716123234,0.025855783413169704,0.46975570996530558,0.028596479664696445,0.14933588699219988,-1.311189255399841,0.22996797318580889,0,0,0,0,0,0,0,0,0,0,0,0,0,1.3152699158356651,0,0,0,0,0.94261186544845887,0,0,0,-1.0463586152025417,0,0.044439250749758741,0,0.12118565081862959,0,0.79259512796097942,0,1.0872487276318856,0,0,0,0,0,0,0,0,0,0,0,0,0,0,0,0,0,0,0,0,0,0,0,0,0,0,0,0,0,0,0,2250,2250,400,400,400,500,300,300,500,3000,3000,40,60,60,750,750,40,60,60,500,500,45,45,45,45,45,45,30,30,30,30,12,12,4,7,7,4,7,7,4,12,12,2,4.5,4.5,7.5,7.5,2,4.5,4.5,5,5,3,3,3,3,3,3,3,3,3,3
6,0.12,SPIN001_PREP,1012,0,-0.24609999999999999,-0.24609999999999999,0,0.0055999999999999999,-0.0055999999999999999,0,-0.034799999999999998,0.034799999999999998,0,0.44679999999999997,0.44679999999999997,0,-1.7507963267948965,-1.0037856489783414,-0.18540000000000001,-0.18540000000000001,0,0.29936459787956377,-0.78438419041036656,-0.0077999999999999996,0.0077999999999999996,-0.17191156192620849,1.2639557983221104,-0.016539307308662706,-0.31192348855995095,0.025855783413169704,0.47252396141273945,0.028596479664696445,0.16744118737541769,-1.311189255399841,0.25480406428781699,0,0,0,0,0,0,0,0,0,0,0,0,0,1.6800543585854366,0,0,0,0,1.204041203964487,0,0,0,-1.3365616676463965,0,0.056764285425754679,0,0.15479596880043911,0,1.0124179708606711,0,1.3887924765342612,0,0,0,0,0,0,0,0,0,0,0,0,0,0,0,0,0,0,0,0,0,0,0,0,0,0,0,0,0,0,0,2250,2250,400,400,400,500,300,300,500,3000,3000,40,60,60,750,750,40,60,60,500,500,45,45,45,45,45,45,30,30,30,30,12,12,4,7,7,4,7,7,4,12,12,2,4.5,4.5,7.5,7.5,2,4.5,4.5,5,5,3,3,3,3,3,3,3,3,3,3
7,0.14000000000000001,SPIN001_PREP,1014,0,-0.24609999999999999,-0.24609999999999999,0,0.0055999999999999999,-0.0055999999999999999,0,-0.034799999999999998,0.034799999999999998,0,0.44679999999999997,0.44679999999999997,0,-1.7507963267948965,-0.9666282680876368,-0.18540000000000001,-0.18540000000000001,0,0.29936459787956377,-0.75775468440945359,-0.0077999999999999996,0.0077999999999999996,-0.17191156192620849,1.2343953673069692,-0.016539307308662706,-0.31066804574420215,0.025855783413169704,0.47594754871732314,0.028596479664696445,0.18983260582662673,-1.311189255399841,0.28551967224717933,0,0,0,0,0,0,0,0,0,0,0,0,0,2.0156973082063931,0,0,0,0,1.444585766763079,0,0,0,-1.603581301973489,0,0.068104711463795597,0,0.18572126314708032,0,1.2146798514078239,0,1.6662468343967161,0,0,0,0,0,0,0,0,0,0,0,0,0,0,0,0,0,0,0,0,0,0,0,0,0,0,0,0,0,0,0,2250,2250,400,400,400,500,300,300,500,3000,3000,40,60,60,750,750,40,60,60,500,500,45,45,45,45,45,45,30,30,30,30,12,12,4,7,7,4,7,7,4,12,12,2,4.5,4.5,7.5,7.5,2,4.5,4.5,5,5,3,3,3,3,3,3,3,3,3,3
8,0.16,SPIN001_PREP,1016,0,-0.24609999999999999,-0.24609999999999999,0,0.0055999999999999999,-0.0055999999999999999,0,-0.034799999999999998,0.034799999999999998,0,0.44679999999999997,0.44679999999999997,0,-1.7507963267948965,-0.9231577566500857,-0.18540000000000001,-0.18540000000000001,0,0.29936459787956377,-0.72660075973984339,-0.0077999999999999996,0.0077999999999999996,-0.17191156192620849,1.1998125462431708,-0.016539307308662706,-0.30919930010139912,0.025855783413169704,0.47995281193862266,0.028596479664696445,0.21602838143173064,-1.311189255399841,0.32145393766368563,0,0,0,0,0,0,0,0,0,0,0,0,0,2.3025991763994806,0,0,0,0,1.6501991560165741,0,0,0,-1.8318251307778644,0,0.077798314204723107,0,0.21215567725437062,0,1.3875698568697559,0,1.9034100868915118,0,0,0,0,0,0,0,0,0,0,0,0,0,0,0,0,0,0,0,0,0,0,0,0,0,0,0,0,0,0,0,2250,2250,400,400,400,500,300,300,500,3000,3000,40,60,60,750,750,40,60,60,500,500,45,45,45,45,45,45,30,30,30,30,12,12,4,7,7,4,7,7,4,12,12,2,4.5,4.5,7.5,7.5,2,4.5,4.5,5,5,3,3,3,3,3,3,3,3,3,3
9,0.17999999999999999,SPIN001_PREP,1018,0,-0.24609999999999999,-0.24609999999999999,0,0.0055999999999999999,-0.0055999999999999999,0,-0.034799999999999998,0.034799999999999998,0,0.44679999999999997,0.44679999999999997,0,-1.7507963267948965,-0.87452430103165757,-0.18540000000000001,-0.18540000000000001,0,0.29936459787956377,-0.69174671816879063,-0.0077999999999999996,0.0077999999999999996,-0.17191156192620849,1.1611223620758546,-0.016539307308662706,-0.30755611317601322,0.025855783413169704,0.48443377580749797,0.028596479664696445,0.24533540010141697,-1.311189255399841,0.36165607572283981,0,0,0,0,0,0,0,0,0,0,0,0,0,2.5252866039812667,0,0,0,0,1.8097921102820991,0,0,0,-2.0089833745285,0,0.085322292601842931,0,0.2326735348558498,0,1.5217635824575138,0,2.0874914069178159,0,0,0,0,0,0,0,0,0,0,0,0,0,0,0,0,0,0,0,0,0,0,0,0,0,0,0,0,0,0,0,2250,2250,400,400,400,500,300,300,500,3000,3000,40,60,60,750,750,40,60,60,500,500,45,45,45,45,45,45,30,30,30,30,12,12,4,7,7,4,7,7,4,12,12,2,4.5,4.5,7.5,7.5,2,4.5,4.5,5,5,3,3,3,3,3,3,3,3,3,3
10,0.20000000000000001,SPIN001_PREP,1020,0,-0.24609999999999999,-0.24609999999999999,0,0.0055999999999999999,-0.0055999999999999999,0,-0.034799999999999998,0.034799999999999998,0,0.44679999999999997,0.44679999999999997,0,-1.7507963267948965,-0.82214629249083504,-0.18540000000000001,-0.18540000000000001,0,0.29936459787956377,-0.65420907532855943,-0.0077999999999999996,0.0077999999999999996,-0.17191156192620849,1.1194532112620308,-0.016539307308662706,-0.3057864083973254,0.025855783413169704,0.48925975333285665,0.028596479664696445,0.27689892473003119,-1.311189255399841,0.40495359394039826,0,0,0,0,0,0,0,0,0,0,0,0,0,2.6724124608838746,0,0,0,0,1.9152325045015322,0,0,0,-2.1260288615693068,0,0.090293259220898536,0,0.24622934002277719,0,1.6104231313258581,0,2.2091108546016662,0,0,0,0,0,0,0,0,0,0,0,0,0,0,0,0,0,0,0,0,0,0,0,0,0,0,0,0,0,0,0,2250,2250,400,400,400,500,300,300,500,3000,3000,40,60,60,750,750,40,60,60,500,500,45,45,45,45,45,45,30,30,30,30,12,12,4,7,7,4,7,7,4,12,12,2,4.5,4.5,7.5,7.5,2,4.5,4.5,5,5,3,3,3,3,3,3,3,3,3,3
11,0.22,SPIN001_PREP,1022,0,-0.24609999999999999,-0.24609999999999999,0,0.0055999999999999999,-0.0055999999999999999,0,-0.034799999999999998,0.034799999999999998,0,0.44679999999999997,0.44679999999999997,0,-1.7507963267948965,-0.76762780259630259,-0.18540000000000001,-0.18540000000000001,0,0.29936459787956377,-0.61513741798872934,-0.0077999999999999996,0.0077999999999999996,-0.17191156192620849,1.0760812076130823,-0.016539307308662706,-0.30394438280717728,0.025855783413169704,0.49428294940840906,0.028596479664696445,0.3097523253544513,-1.311189255399841,0.45002050990690645,0,0,0,0,0,0,0,0,0,0,0,0,0,2.7367558461550394,0,0,0,0,1.9613453500015336,0,0,0,-2.1772170281191325,0,0.092467240240100279,0,0.25215777716414423,0,1.6491971145732767,0,2.2622993772959967,0,0,0,0,0,0,0,0,0,0,0,0,0,0,0,0,0,0,0,0,0,0,0,0,0,0,0,0,0,0,0,2250,2250,400,400,400,500,300,300,500,3000,3000,40,60,60,750,750,40,60,60,500,500,45,45,45,45,45,45,30,30,30,30,12,12,4,7,7,4,7,7,4,12,12,2,4.5,4.5,7.5,7.5,2,4.5,4.5,5,5,3,3,3,3,3,3,3,3,3,3
12,0.23999999999999999,SPIN001_PREP,1024,0,-0.24609999999999999,-0.24609999999999999,0,0.0055999999999999999,-0.0055999999999999999,0,-0.034799999999999998,0.034799999999999998,0,0.44679999999999997,0.44679999999999997,0,-1.7507963267948965,-0.71267605864463346,-0.18540000000000001,-0.18540000000000001,0,0.29936459787956377,-0.57575526132849808,-0.0077999999999999996,0.0077999999999999996,-0.17191156192620849,1.0323645301372655,-0.016539307308662706,-0.30208771878772139,0.025855783413169704,0.49934606441942242,0.028596479664696445,0.34286680931296226,-1.311189255399841,0.49544556903223813,0,0,0,0,0,0,0,0,0,0,0,0,0,2.7152220879580775,0,0,0,0,1.9459127944935206,0,0,0,-2.1600859182717924,0,0.091739675450108749,0,0.25017371102665359,0,1.6362206512419764,0,2.2444988095806613,0,0,0,0,0,0,0,0,0,0,0,0,0,0,0,0,0,0,0,0,0,0,0,0,0,0,0,0,0,0,0,2250,2250,400,400,400,500,300,300,500,3000,3000,40,60,60,750,750,40,60,60,500,500,45,45,45,45,45,45,30,30,30,30,12,12,4,7,7,4,7,7,4,12,12,2,4.5,4.5,7.5,7.5,2,4.5,4.5,5,5,3,3,3,3,3,3,3,3,3,3
13,0.26000000000000001,SPIN001_PREP,1026,0,-0.24609999999999999,-0.24609999999999999,0,0.0055999999999999999,-0.0055999999999999999,0,-0.034799999999999998,0.034799999999999998,0,0.44679999999999997,0.44679999999999997,0,-1.7507963267948965,-0.65901891907797949,-0.18540000000000001,-0.18540000000000001,0,0.29936459787956377,-0.53730090620898852,-0.0077999999999999996,0.0077999999999999996,-0.17191156192620849,0.98967777088221065,-0.016539307308662706,-0.30027479578917293,0.025855783413169704,0.5042898978494752,0.028596479664696445,0.37520115140413035,-1.311189255399841,0.5398004622901329,0,0,0,0,0,0,0,0,0,0,0,0,0,2.6088427435718846,0,0,0,0,1.8696741220736806,0,0,0,-2.0754561839960246,0,0.088145418254031993,0,0.24037218669473448,0,1.5721153683178917,0,2.1565618732623721,0,0,0,0,0,0,0,0,0,0,0,0,0,0,0,0,0,0,0,0,0,0,0,0,0,0,0,0,0,0,0,2250,2250,400,400,400,500,300,300,500,3000,3000,40,60,60,750,750,40,60,60,500,500,45,45,45,45,45,45,30,30,30,30,12,12,4,7,7,4,7,7,4,12,12,2,4.5,4.5,7.5,7.5,2,4.5,4.5,5,5,3,3,3,3,3,3,3,3,3,3
14,0.28000000000000003,SPIN001_PREP,1028,0,-0.24609999999999999,-0.24609999999999999,0,0.0055999999999999999,-0.0055999999999999999,0,-0.034799999999999998,0.034799999999999998,0,0.44679999999999997,0.44679999999999997,0,-1.7507963267948965,-0.60832234890175807,-0.18540000000000001,-0.18540000000000001,0,0.29936459787956377,-0.50096829644555085,-0.0077999999999999996,0.0077999999999999996,-0.17191156192620849,0.9493462827774245,-0.016539307308662706,-0.29856190205756011,0.025855783413169704,0.5089609518872118,0.028596479664696445,0.40575142404567793,-1.311189255399841,0.58170804396273301,0,0,0,0,0,0,0,0,0,0,0,0,0,2.4227755993909224,0,0,0,0,1.736325753222985,0,0,0,-1.927431085135467,0,0.081858735667440785,0,0.22322842959054678,0,1.4599894007306629,0,2.0027521773747279,0,0,0,0,0,0,0,0,0,0,0,0,0,0,0,0,0,0,0,0,0,0,0,0,0,0,0,0,0,0,0,2250,2250,400,400,400,500,300,300,500,3000,3000,40,60,60,750,750,40,60,60,500,500,45,45,45,45,45,45,30,30,30,30,12,12,4,7,7,4,7,7,4,12,12,2,4.5,4.5,7.5,7.5,2,4.5,4.5,5,5,3,3,3,3,3,3,3,3,3,3
15,0.29999999999999999,SPIN001_PREP,1030,0,-0.24609999999999999,-0.24609999999999999,0,0.0055999999999999999,-0.0055999999999999999,0,-0.034799999999999998,0.034799999999999998,0,0.44679999999999997,0.44679999999999997,0,-1.7507963267948965,-0.5621078951023426,-0.18540000000000001,-0.18540000000000001,0,0.29936459787956377,-0.46784787608006911,-0.0077999999999999996,0.0077999999999999996,-0.17191156192620849,0.91258052747679197,-0.016539307308662706,-0.2970004463624753,0.025855783413169704,0.51321903503309707,0.028596479664696445,0.43360072743335687,-1.311189255399841,0.61991054938512202,0,0,0,0,0,0,0,0,0,0,0,0,0,2.1663046709252951,0,0,0,0,1.5525212448071701,0,0,0,-1.7233964894087794,0,0.073193308318360295,0,0.19959784547396719,0,1.3054373913536892,0,1.7907442181782556,0,0,0,0,0,0,0,0,0,0,0,0,0,0,0,0,0,0,0,0,0,0,0,0,0,0,0,0,0,0,0,2250,2250,400,400,400,500,300,300,500,3000,3000,40,60,60,750,750,40,60,60,500,500,45,45,45,45,45,45,30,30,30,30,12,12,4,7,7,4,7,7,4,12,12,2,4.5,4.5,7.5,7.5,2,4.5,4.5,5,5,3,3,3,3,3,3,3,3,3,3
16,0.32000000000000001,SPIN001_PREP,1032,0,-0.24609999999999999,-0.24609999999999999,0,0.0055999999999999999,-0.0055999999999999999,0,-0.034799999999999998,0.034799999999999998,0,0.44679999999999997,0.44679999999999997,0,-1.7507963267948965,-0.52167016206474626,-0.18540000000000001,-0.18540000000000001,0,0.29936459787956377,-0.43886744665326405,-0.0077999999999999996,0.0077999999999999996,-0.17191156192620849,0.88041042320107332,-0.016539307308662706,-0.2956341697248257,0.025855783413169704,0.51694486570617049,0.028596479664696445,0.45796891969982551,-1.311189255399841,0.65333781268986324,0,0,0,0,0,0,0,0,0,0,0,0,0,1.8528402028006097,0,0,0,0,1.3278712900767056,0,0,0,-1.474020872409465,0,0.062602230447258989,0,0.17071602044258227,0,1.1165404910040393,0,1.5316233791603351,0,0,0,0,0,0,0,0,0,0,0,0,0,0,0,0,0,0,0,0,0,0,0,0,0,0,0,0,0,0,0,2250,2250,400,400,400,500,300,300,500,3000,3000,40,60,60,750,750,40,60,60,500,500,45,45,45,45,45,45,30,30,30,30,12,12,4,7,7,4,7,7,4,12,12,2,4.5,4.5,7.5,7.5,2,4.5,4.5,5,5,3,3,3,3,3,3,3,3,3,3
17,0.34000000000000002,SPIN001_PREP,1034,0,-0.24609999999999999,-0.24609999999999999,0,0.0055999999999999999,-0.0055999999999999999,0,-0.034799999999999998,0.034799999999999998,0,0.44679999999999997,0.44679999999999997,0,-1.7507963267948965,-0.48799428699031822,-0.18540000000000001,-0.18540000000000001,0,0.29936459787956377,-0.41473302447700089,-0.0077999999999999996,0.0077999999999999996,-0.17191156192620849,0.85361969258041337,-0.016539307308662706,-0.29449635714458494,0.025855783413169704,0.52004767585080036,0.028596479664696445,0.47826234707351845,-1.311189255399841,0.68117548455153543,0,0,0,0,0,0,0,0,0,0,0,0,0,1.4999186687581294,0,0,0,0,1.0749437186668902,0,0,0,-1.193255317606065,0,0.050678009907068056,0,0.13819872093172592,0,0.90386635844254959,0,1.2398859310352783,0,0,0,0,0,0,0,0,0,0,0,0,0,0,0,0,0,0,0,0,0,0,0,0,0,0,0,0,0,0,0,2250,2250,400,400,400,500,300,300,500,3000,3000,40,60,60,750,750,40,60,60,500,500,45,45,45,45,45,45,30,30,30,30,12,12,4,7,7,4,7,7,4,12,12,2,4.5,4.5,7.5,7.5,2,4.5,4.5,5,5,3,3,3,3,3,3,3,3,3,3
18,0.35999999999999999,SPIN001_PREP,1036,0,-0.24609999999999999,-0.24609999999999999,0,0.0055999999999999999,-0.0055999999999999999,0,-0.034799999999999998,0.034799999999999998,0,0.44679999999999997,0.44679999999999997,0,-1.7507963267948965,-0.46167341531442108,-0.18540000000000001,-0.18540000000000001,0,0.29936459787956377,-0.39586969790658844,-0.0077999999999999996,0.0077999999999999996,-0.17191156192620849,0.83268021049683072,-0.016539307308662706,-0.29360704932854298,0.025855783413169704,0.52247281454343952,0.028596479664696445,0.49412357403752749,-1.311189255399841,0.70293324993127437,0,0,0,0,0,0,0,0,0,0,0,0,0,1.1292027716547359,0,0,0,0,0.80926349659778962,0,0,0,-0.8983335163420092,0,0.038152568163170308,0,0.10404189371444605,0,0.68046916037378946,0,0.9334390317442709,0,0,0,0,0,0,0,0,0,0,0,0,0,0,0,0,0,0,0,0,0,0,0,0,0,0,0,0,0,0,0,2250,2250,400,400,400,500,300,300,500,3000,3000,40,60,60,750,750,40,60,60,500,500,45,45,45,45,45,45,30,30,30,30,12,12,4,7,7,4,7,7,4,12,12,2,4.5,4.5,7.5,7.5,2,4.5,4.5,5,5,3,3,3,3,3,3,3,3,3,3
19,0.38,SPIN001_PREP,1038,0,-0.24609999999999999,-0.24609999999999999,0,0.0055999999999999999,-0.0055999999999999999,0,-0.034799999999999998,0.034799999999999998,0,0.44679999999999997,0.44679999999999997,0,-1.7507963267948965,-0.44282617612412878,-0.18540000000000001,-0.18540000000000001,0,0.29936459787956377,-0.3823624846130893,-0.0077999999999999996,0.0077999999999999996,-0.17191156192620849,0.817686351926733,-0.016539307308662706,-0.29297025441805813,0.025855783413169704,0.5242093515993782,0.028596479664696445,0.50548111348847002,-1.311189255399841,0.71851304582130626,0,0,0,0,0,0,0,0,0,0,0,0,0,0.76648144346275759,0,0,0,0,0.5493127262741232,0,0,0,-0.6097717678356096,0,0.025897240293400181,0,0.070621665901496322,0,0.46188957144594756,0,0.63360072645531895,0,0,0,0,0,0,0,0,0,0,0,0,0,0,0,0,0,0,0,0,0,0,0,0,0,0,0,0,0,0,0,2250,2250,400,400,400,500,300,300,500,3000,3000,40,60,60,750,750,40,60,60,500,500,45,45,45,45,45,45,30,30,30,30,12,12,4,7,7,4,7,7,4,12,12,2,4.5,4.5,7.5,7.5,2,4.5,4.5,5,5,3,3,3,3,3,3,3,3,3,3
20,0.40000000000000002,SPIN001_PREP,1040,0,-0.24609999999999999,-0.24609999999999999,0,0.0055999999999999999,-0.0055999999999999999,0,-0.034799999999999998,0.034799999999999998,0,0.44679999999999997,0.44679999999999997,0,-1.7507963267948965,-0.43101415757591077,-0.18540000000000001,-0.18540000000000001,0,0.29936459787956377,-0.37389718885562351,-0.0077999999999999996,0.0077999999999999996,-0.17191156192620849,0.80828933978340634,-0.016539307308662706,-0.29257115971680697,0.025855783413169704,0.52529768117949938,0.028596479664696445,0.51259915689536539,-1.311189255399841,0.72827727898948713,0,0,0,0,0,0,0,0,0,0,0,0,0,0.44166984527019837,0,0,0,0,0.31653064648554663,0,0,0,-0.35136897918017218,0,0.014922774988052057,0,0.040694344941377691,0,0.26615477425104284,0,0.36509994756341313,0,0,0,0,0,0,0,0,0,0,0,0,0,0,0,0,0,0,0,0,0,0,0,0,0,0,0,0,0,0,0,2250,2250,400,400,400,500,300,300,500,3000,3000,40,60,60,750,750,40,60,60,500,500,45,45,45,45,45,45,30,30,30,30,12,12,4,7,7,4,7,7,4,12,12,2,4.5,4.5,7.5,7.5,2,4.5,4.5,5,5,3,3,3,3,3,3,3,3,3,3
21,0.41999999999999998,SPIN001_PREP,1042,0,-0.24609999999999999,-0.24609999999999999,0,0.0055999999999999999,-0.0055999999999999999,0,-0.034799999999999998,0.034799999999999998,0,0.44679999999999997,0.44679999999999997,0,-1.7507963267948965,-0.42515938231332084,-0.18540000000000001,-0.18540000000000001,0,0.29936459787956377,-0.36970125875366744,-0.0077999999999999996,0.0077999999999999996,-0.17191156192620849,0.80363159275952611,-0.016539307308662706,-0.29237334341853605,0.025855783413169704,0.52583712539703331,0.028596479664696445,0.51612730445851174,-1.311189255399841,0.73311704372384279,0,0,0,0,0,0,0,0,0,0,0,0,0,0.18880936728066233,0,0,0,0,0.13531363240639749,0,0,0,-0.15020666534406035,0,0.0063793345498650011,0,0.017396418620299614,0,0.11377845932480923,0,0.15607651469048966,0,0,0,0,0,0,0,0,0,0,0,0,0,0,0,0,0,0,0,0,0,0,0,0,0,0,0,0,0,0,0,2250,2250,400,400,400,500,300,300,500,3000,3000,40,60,60,750,750,40,60,60,500,500,45,45,45,45,45,45,30,30,30,30,12,12,4,7,7,4,7,7,4,12,12,2,4.5,4.5,7.5,7.5,2,4.5,4.5,5,5,3,3,3,3,3,3,3,3,3,3
22,0.44,SPIN001_PREP,1044,0,-0.24609999999999999,-0.24609999999999999,0,0.0055999999999999999,-0.0055999999999999999,0,-0.034799999999999998,0.034799999999999998,0,0.44679999999999997,0.44679999999999997,0,-1.7507963267948965,-0.42346178288468428,-0.18540000000000001,-0.18540000000000001,0,0.29936459787956377,-0.36848464355936761,-0.0077999999999999996,0.0077999999999999996,-0.17191156192620849,0.80228107316964392,-0.016539307308662706,-0.29231598633481237,0.025855783413169704,0.52599353792431136,0.028596479664696445,0.51715029526835776,-1.311189255399841,0.73452033957710672,0,0,0,0,0,0,0,0,0,0,0,0,0,0.044193364455391571,0,0,0,0,0.031671970299176899,0,0,0,-0.035157884382558402,0,0.0014931688019803602,0,0.0040718650741622398,0,0.026631374240221328,0,0.036531801340133896,0,0,0,0,0,0,0,0,0,0,0,0,0,0,0,0,0,0,0,0,0,0,0,0,0,0,0,0,0,0,0,2250,2250,400,400,400,500,300,300,500,3000,3000,40,60,60,750,750,40,60,60,500,500,45,45,45,45,45,45,30,30,30,30,12,12,4,7,7,4,7,7,4,12,12,2,4.5,4.5,7.5,7.5,2,4.5,4.5,5,5,3,3,3,3,3,3,3,3,3,3
23,0.46000000000000002,SPIN001_RELEASE_HOLD,1046,6,-0.24609999999999999,-0.24609999999999999,0,0.0055999999999999999,-0.0055999999999999999,0,-0.034799999999999998,0.034799999999999998,0,0.44679999999999997,0.44679999999999997,0,-1.7507963267948965,-0.42339164773510518,-0.18540000000000001,-0.18540000000000001,0,0.29936459787956377,-0.36843437994170036,-0.0077999999999999996,0.0077999999999999996,-0.17191156192620849,0.80222527738422378,-0.016539307308662706,-0.29231361666645683,0.025855783413169704,0.5259999999999998,0.028596479664696445,0.51719255942812059,-1.311189255399841,0.73457831577744814,0,0,0,0,0,0,0,0,0,0,0,0,0,0.0017533787394774514,0,0,0,0,0.001256590441681138,0,0,0,-0.0013948946355035741,0,5.9241708888491118e-05,0,0.0001615518922110093,0,0.0010566039940707039,0,0.0014494050085356314,0,0,0,0,0,0,0,0,0,0,0,0,0,0,0,0,0,0,0,0,0,0,0,0,0,0,0,0,0,0,0,2250,2250,400,400,400,500,300,300,500,3000,3000,40,60,60,750,750,40,60,60,500,500,45,45,45,45,45,45,30,30,30,30,12,12,4,7,7,4,7,7,4,12,12,2,4.5,4.5,7.5,7.5,2,4.5,4.5,5,5,3,3,3,3,3,3,3,3,3,3
24,0.47999999999999998,SPIN001_RELEASE_HOLD,1048,0,-0.24609999999999999,-0.24609999999999999,0,0.0055999999999999999,-0.0055999999999999999,0,-0.034799999999999998,0.034799999999999998,0,0.44679999999999997,0.44679999999999997,0,-1.7507963267948965,-0.42339164773510518,-0.18540000000000001,-0.18540000000000001,0,0.29936459787956377,-0.36843437994170036,-0.0077999999999999996,0.0077999999999999996,-0.17191156192620849,0.80222527738422378,-0.016539307308662706,-0.29231361666645683,0.025855783413169704,0.5259999999999998,0.028596479664696445,0.51719255942812059,-1.311189255399841,0.73457831577744814,0,0,0,0,0,0,0,0,0,0,0,0,0,0,0,0,0,0,0,0,0,0,0,0,0,0,0,0,0,0,0,0,0,0,0,0,0,0,0,0,0,0,0,0,0,0,0,0,0,0,0,0,0,0,0,0,0,0,0,0,0,0,2250,2250,400,400,400,500,300,300,500,3000,3000,40,60,60,750,750,40,60,60,500,500,45,45,45,45,45,45,30,30,30,30,12,12,4,7,7,4,7,7,4,12,12,2,4.5,4.5,7.5,7.5,2,4.5,4.5,5,5,3,3,3,3,3,3,3,3,3,3
25,0.5,SPIN001_RELEASE_HOLD,1050,8,-0.24609999999999999,-0.24609999999999999,0,0.0055999999999999999,-0.0055999999999999999,0,-0.034799999999999998,0.034799999999999998,0,0.44679999999999997,0.44679999999999997,0,-1.7507963267948965,-0.42339164773510518,-0.18540000000000001,-0.18540000000000001,0,0.29936459787956377,-0.36843437994170036,-0.0077999999999999996,0.0077999999999999996,-0.17191156192620849,0.80222527738422378,-0.016539307308662706,-0.29231361666645683,0.025855783413169704,0.5259999999999998,0.028596479664696445,0.51719255942812059,-1.311189255399841,0.73457831577744814,0,0,0,0,0,0,0,0,0,0,0,0,0,0,0,0,0,0,0,0,0,0,0,0,0,0,0,0,0,0,0,0,0,0,0,0,0,0,0,0,0,0,0,0,0,0,0,0,0,0,0,0,0,0,0,0,0,0,0,0,0,0,2250,2250,400,400,400,500,300,300,500,3000,3000,40,60,60,750,750,40,60,60,500,500,45,45,45,45,45,45,30,30,30,30,12,12,4,7,7,4,7,7,4,12,12,2,4.5,4.5,7.5,7.5,2,4.5,4.5,5,5,3,3,3,3,3,3,3,3,3,3
26,0.52000000000000002,SPIN001_RELEASE_HOLD,1052,0,-0.24609999999999999,-0.24609999999999999,0,0.0055999999999999999,-0.0055999999999999999,0,-0.034799999999999998,0.034799999999999998,0,0.44679999999999997,0.44679999999999997,0,-1.7507963267948965,-0.42339164773510518,-0.18540000000000001,-0.18540000000000001,0,0.29936459787956377,-0.36843437994170036,-0.0077999999999999996,0.0077999999999999996,-0.17191156192620849,0.80222527738422378,-0.016539307308662706,-0.29231361666645683,0.025855783413169704,0.5259999999999998,0.028596479664696445,0.51719255942812059,-1.311189255399841,0.73457831577744814,0,0,0,0,0,0,0,0,0,0,0,0,0,0,0,0,0,0,0,0,0,0,0,0,0,0,0,0,0,0,0,0,0,0,0,0,0,0,0,0,0,0,0,0,0,0,0,0,0,0,0,0,0,0,0,0,0,0,0,0,0,0,2250,2250,400,400,400,500,300,300,500,3000,3000,40,60,60,750,750,40,60,60,500,500,45,45,45,45,45,45,30,30,30,30,12,12,4,7,7,4,7,7,4,12,12,2,4.5,4.5,7.5,7.5,2,4.5,4.5,5,5,3,3,3,3,3,3,3,3,3,3
27,0.54000000000000004,SPIN001_RELEASE_HOLD,1054,0,-0.24609999999999999,-0.24609999999999999,0,0.0055999999999999999,-0.0055999999999999999,0,-0.034799999999999998,0.034799999999999998,0,0.44679999999999997,0.44679999999999997,0,-1.7507963267948965,-0.42339164773510518,-0.18540000000000001,-0.18540000000000001,0,0.29936459787956377,-0.36843437994170036,-0.0077999999999999996,0.0077999999999999996,-0.17191156192620849,0.80222527738422378,-0.016539307308662706,-0.29231361666645683,0.025855783413169704,0.5259999999999998,0.028596479664696445,0.51719255942812059,-1.311189255399841,0.73457831577744814,0,0,0,0,0,0,0,0,0,0,0,0,0,0,0,0,0,0,0,0,0,0,0,0,-0.033857729673533732,0,0,0,0,0,0,0,0,0,0,0,0,0,0,0,0,0,0,0,0,0,0,0,0,0,0,0,0,0,0,0,0,0,0,0,0,0,2250,2250,400,400,400,500,300,300,500,3000,3000,40,60,60,750,750,40,60,60,500,500,45,45,45,45,45,45,30,30,30,30,12,12,4,7,7,4,7,7,4,12,12,2,4.5,4.5,7.5,7.5,2,4.5,4.5,5,5,3,3,3,3,3,3,3,3,3,3
28,0.56000000000000005,SPIN001_RELEASE_HOLD,1056,0,-0.24609999999999999,-0.24609999999999999,0,0.0055999999999999999,-0.0055999999999999999,0,-0.034799999999999998,0.034799999999999998,0,0.44679999999999997,0.44679999999999997,0,-1.7507963267948965,-0.42339164773510518,-0.18540000000000001,-0.18540000000000001,0,0.29936459787956377,-0.36843437994170036,-0.0077999999999999996,0.0077999999999999996,-0.17191156192620849,0.80222527738422378,-0.016539307308662706,-0.29366792585339818,0.025855783413169704,0.5259999999999998,0.028596479664696445,0.51719255942812059,-1.311189255399841,0.73457831577744814,0,0,0,0,0,0,0,0,0,0,0,0,0,-0.037915820971860803,0,0,0,0,-0.010699549010902143,0,0,0,0,0,-0.24642753916368082,0,0.0043449711930709789,0,0,0,-0.01836121197349716,0,0,0,0,0,0,0,0,0,0,0,0,0,0,0,0,0,0,0,0,0,0,0,0,0,0,0,0,0,0,0,2250,2250,400,400,400,500,300,300,500,3000,3000,40,60,60,750,750,40,60,60,500,500,45,45,45,45,45,45,30,30,30,30,12,12,4,7,7,4,7,7,4,12,12,2,4.5,4.5,7.5,7.5,2,4.5,4.5,5,5,3,3,3,3,3,3,3,3,3,3
29,0.57999999999999996,SPIN001_RELEASE_HOLD,1058,0,-0.24609999999999999,-0.24609999999999999,0,0.0055999999999999999,-0.0055999999999999999,0,-0.034799999999999998,0.034799999999999998,0,0.44679999999999997,0.44679999999999997,0,-1.7507963267948965,-0.42490828057397961,-0.18540000000000001,-0.18540000000000001,0,0.29936459787956377,-0.36886236190213645,-0.0077999999999999996,0.0077999999999999996,-0.17191156192620849,0.80222527738422378,-0.016539307308662706,-0.30217071823300407,0.025855783413169704,0.52617379884772264,0.028596479664696445,0.51719255942812059,-1.311189255399841,0.73384386729850826,0,0,0,0,0,0,0,0,0,0,0,0,0,-0.30067346132196804,0,0,0,0,-0.089183673028674082,0,0,0,0,0,-0.7332967229506645,0,0.038437000068397564,0,0,0,-0.14771657535869454,0,0,0,0,0,0,0,0,0,0,0,0,0,0,0,0,0,0,0,0,0,0,0,0,0,0,0,0,0,0,0,2250,2250,400,400,400,500,300,300,500,3000,3000,40,60,60,750,750,40,60,60,500,500,45,45,45,45,45,45,30,30,30,30,12,12,4,7,7,4,7,7,4,12,12,2,4.5,4.5,7.5,7.5,2,4.5,4.5,5,5,3,3,3,3,3,3,3,3,3,3
30,0.59999999999999998,SPIN001_RELEASE_HOLD,1060,0,-0.24609999999999999,-0.24609999999999999,0,0.0055999999999999999,-0.0055999999999999999,0,-0.034799999999999998,0.034799999999999998,0,0.44679999999999997,0.44679999999999997,0,-1.7507963267948965,-0.4354185861879839,-0.18540000000000001,-0.18540000000000001,0,0.29936459787956377,-0.37200172686284733,-0.0077999999999999996,0.0077999999999999996,-0.17191156192620849,0.80222527738422378,-0.016539307308662706,-0.32299979477142476,0.025855783413169704,0.5275374800027357,0.028596479664696445,0.51719255942812059,-1.311189255399841,0.72866965276310036,0,0,0,0,0,0,0,0,0,0,0,0,0,-1.0003202890789487,0,0,0,0,-0.34164006357651766,0,0,0,-0.041843307888514425,0,-1.3539533887794151,0,0.14222937461408347,0,-0.019100855748102608,0,-0.48825583427911101,0,0,0,0,0,0,0,0,0,0,0,0,0,0,0,0,0,0,0,0,0,0,0,0,0,0,0,0,0,0,0,2250,2250,400,400,400,500,300,300,500,3000,3000,40,60,60,750,750,40,60,60,500,500,45,45,45,45,45,45,30,30,30,30,12,12,4,7,7,4,7,7,4,12,12,2,4.5,4.5,7.5,7.5,2,4.5,4.5,5,5,3,3,3,3,3,3,3,3,3,3
31,0.62,SPIN001_RELEASE_HOLD,1062,0,-0.24609999999999999,-0.24609999999999999,0,0.0055999999999999999,-0.0055999999999999999,0,-0.034799999999999998,0.034799999999999998,0,0.44679999999999997,0.44679999999999997,0,-1.7507963267948965,-0.46492109213713756,-0.18540000000000001,-0.18540000000000001,0,0.29936459787956377,-0.38252796444519716,-0.0077999999999999996,0.0077999999999999996,-0.17191156192620849,0.8005515450686832,-0.016539307308662706,-0.35632885378418067,0.025855783413169704,0.53186297383228598,0.028596479664696445,0.51642852519819649,-1.311189255399841,0.71431363392734382,0,0,0,0,0,0,0,0,0,0,0,0,0,-2.0711753904496115,0,0,0,0,-0.92928937749010698,0,0,0,-0.35533602730721536,0,-1.8723761837371955,0,0.32548580226671453,0,-0.16220567976562017,0,-0.95803083202517236,0,0,0,0,0,0,0,0,0,0,0,0,0,0,0,0,0,0,0,0,0,0,0,0,0,0,0,0,0,0,0,2250,2250,400,400,400,500,300,300,500,3000,3000,40,60,60,750,750,40,60,60,500,500,45,45,45,45,45,45,30,30,30,30,12,12,4,7,7,4,7,7,4,12,12,2,4.5,4.5,7.5,7.5,2,4.5,4.5,5,5,3,3,3,3,3,3,3,3,3,3
32,0.64000000000000001,SPIN001_RELEASE_HOLD,1064,0,-0.24609999999999999,-0.24609999999999999,0,0.0055999999999999999,-0.0055999999999999999,0,-0.034799999999999998,0.034799999999999998,0,0.44679999999999997,0.44679999999999997,0,-1.7507963267948965,-0.51826560180596837,-0.18540000000000001,-0.18540000000000001,0,0.29936459787956377,-0.40917330196245161,-0.0077999999999999996,0.0077999999999999996,-0.17191156192620849,0.78801183629193516,-0.016539307308662706,-0.39789484212091258,0.025855783413169704,0.54055691209340428,0.028596479664696445,0.51070433223749578,-1.311189255399841,0.69034841948209347,0,0,0,0,0,0,0,0,0,0,0,0,0,-3.2466338438157227,0,0,0,0,-1.998876563503768,0,0,0,-1.2477718690987349,0,-2.1073137409455627,0,0.56389171541215699,0,-0.5695895396629499,0,-1.351931377410273,0,0,0,0,0,0,0,0,0,0,0,0,0,0,0,0,0,0,0,0,0,0,0,0,0,0,0,0,0,0,0,2250,2250,400,400,400,500,300,300,500,3000,3000,40,60,60,750,750,40,60,60,500,500,45,45,45,45,45,45,30,30,30,30,12,12,4,7,7,4,7,7,4,12,12,2,4.5,4.5,7.5,7.5,2,4.5,4.5,5,5,3,3,3,3,3,3,3,3,3,3
33,0.66000000000000003,SPIN001_RELEASE_HOLD,1066,0,-0.24609999999999999,-0.24609999999999999,0,0.0055999999999999999,-0.0055999999999999999,0,-0.034799999999999998,0.034799999999999998,0,0.44679999999999997,0.44679999999999997,0,-1.7507963267948965,-0.59478644588976648,-0.18540000000000001,-0.18540000000000001,0,0.29936459787956377,-0.46248302698534788,-0.0077999999999999996,0.0077999999999999996,-0.17191156192620849,0.7506406703047338,-0.016539307308662706,-0.44062140342200318,0.025855783413169704,0.55441864244877226,0.028596479664696445,0.49364494361167849,-1.311189255399841,0.66023637883093289,0,0,0,0,0,0,0,0,0,0,0,0,0,-4.178841960006471,0,0,0,0,-3.410407125347406,0,0,0,-2.6434343713695849,0,-1.9748545691982935,0,0.82785792291296956,0,-1.2066889821816333,0,-1.5264960851583353,0,0,0,0,0,0,0,0,0,0,0,0,0,0,0,0,0,0,0,0,0,0,0,0,0,0,0,0,0,0,0,2250,2250,400,400,400,500,300,300,500,3000,3000,40,60,60,750,750,40,60,60,500,500,45,45,45,45,45,45,30,30,30,30,12,12,4,7,7,4,7,7,4,12,12,2,4.5,4.5,7.5,7.5,2,4.5,4.5,5,5,3,3,3,3,3,3,3,3,3,3
34,0.68000000000000005,SPIN001_RELEASE_HOLD,1068,0,-0.24609999999999999,-0.24609999999999999,0,0.0055999999999999999,-0.0055999999999999999,0,-0.034799999999999998,0.034799999999999998,0,0.44679999999999997,0.44679999999999997,0,-1.7507963267948965,-0.68541928020622722,-0.18540000000000001,-0.18540000000000001,0,0.29936459787956377,-0.54558958697634785,-0.0077999999999999996,0.0077999999999999996,-0.17191156192620849,0.68227446143715176,-0.016539307308662706,-0.47688902488884433,0.025855783413169704,0.57367122900992307,0.028596479664696445,0.46243677295023045,-1.311189255399841,0.62928857607576005,0,0,0,0,0,0,0,0,0,0,0,0,0,-4.5119389820892444,0,0,0,0,-4.7547118209031556,0,0,0,-4.081604361019223,0,-1.5119925304598851,0,1.0893452607917076,0,-1.863192468634886,0,-1.435062918572072,0,0,0,0,0,0,0,0,0,0,0,0,0,0,0,0,0,0,0,0,0,0,0,0,0,0,0,0,0,0,0,2250,2250,400,400,400,500,300,300,500,3000,3000,40,60,60,750,750,40,60,60,500,500,45,45,45,45,45,45,30,30,30,30,12,12,4,7,7,4,7,7,4,12,12,2,4.5,4.5,7.5,7.5,2,4.5,4.5,5,5,3,3,3,3,3,3,3,3,3,3
35,0.69999999999999996,SPIN001_STRIKE,1070,16,-0.24609999999999999,-0.24609999999999999,0,0.0055999999999999999,-0.0055999999999999999,0,-0.034799999999999998,0.034799999999999998,0,0.44679999999999997,0.44679999999999997,0,-1.7507963267948965,-0.77526400517333627,-0.18540000000000001,-0.18540000000000001,0,0.29936459787956377,-0.6526714998214741,-0.0077999999999999996,0.0077999999999999996,-0.17191156192620849,0.5873764958639649,-0.016539307308662706,-0.50110110464039859,0.025855783413169704,0.59799245288044056,0.028596479664696445,0.41911724486628305,-1.311189255399841,0.60283386208805001,0,0,0,0,0,0,0,0,0,0,0,0,0,-4.0754523887616303,0,0,0,0,-5.6263392683804927,0,0,0,-5.0627942621063031,0,-0.89896253424871508,0,1.3218645922309618,0,-2.3110912535993218,0,-1.1203063399621516,0,0,0,0,0,0,0,0,0,0,0,0,0,0,0,0,0,0,0,0,0,0,0,0,0,0,0,0,0,0,0,2250,2250,400,400,400,500,300,300,500,3000,3000,40,60,60,750,750,40,60,60,500,500,45,45,45,45,45,45,30,30,30,30,12,12,4,7,7,4,7,7,4,12,12,2,4.5,4.5,7.5,7.5,2,4.5,4.5,5,5,3,3,3,3,3,3,3,3,3,3
36,0.71999999999999997,SPIN001_STRIKE,1072,0,-0.24609999999999999,-0.24609999999999999,0,0.0055999999999999999,-0.0055999999999999999,0,-0.034799999999999998,0.034799999999999998,0,0.44679999999999997,0.44679999999999997,0,-1.7507963267948965,-0.84843737575669242,-0.18540000000000001,-0.18540000000000001,0,0.29936459787956377,-0.77064315771156755,-0.0077999999999999996,0.0077999999999999996,-0.17191156192620849,0.47976269095289964,-0.016539307308662706,-0.51284752625879293,0.025855783413169704,0.62654581269916154,0.028596479664696445,0.36999312280625757,-1.311189255399841,0.58447632247727399,0,0,0,0,0,0,0,0,0,0,0,0,0,-3.028631019177602,0,0,0,0,-5.8272188166155336,0,0,0,-5.3071467165601067,0,-0.37546778108264178,0,1.5004768075733337,0,-2.4226345617109111,0,-0.70866770073528262,0,0,0,0,0,0,0,0,0,0,0,0,0,0,0,0,0,0,0,0,0,0,0,0,0,0,0,0,0,0,0,2250,2250,400,400,400,500,300,300,500,3000,3000,40,60,60,750,750,40,60,60,500,500,45,45,45,45,45,45,30,30,30,30,12,12,4,7,7,4,7,7,4,12,12,2,4.5,4.5,7.5,7.5,2,4.5,4.5,5,5,3,3,3,3,3,3,3,3,3,3
37,0.73999999999999999,SPIN001_STRIKE,1074,0,-0.24609999999999999,-0.24609999999999999,0,0.0055999999999999999,-0.0055999999999999999,0,-0.034799999999999998,0.034799999999999998,0,0.44679999999999997,0.44679999999999997,0,-1.7507963267948965,-0.89640924594044036,-0.18540000000000001,-0.18540000000000001,0,0.29936459787956377,-0.88576025248609547,-0.0077999999999999996,0.0077999999999999996,-0.17191156192620849,0.37509062720156061,-0.016539307308662706,-0.51611981588370426,0.025855783413169704,0.65801152518337391,0.028596479664696445,0.3222118623978466,-1.311189255399841,0.5744871540586387,0,0,0,0,0,0,0,0,0,0,0,0,0,-1.8706251983996225,0,0,0,0,-5.4241631117322138,0,0,0,-4.909942782123994,0,0.10737568576016376,0,1.553132067886595,0,-2.2413167970050969,0,-0.3487202513790727,0,0,0,0,0,0,0,0,0,0,0,0,0,0,0,0,0,0,0,0,0,0,0,0,0,0,0,0,0,0,0,2250,2250,400,400,400,500,300,300,500,3000,3000,40,60,60,750,750,40,60,60,500,500,45,45,45,45,45,45,30,30,30,30,12,12,4,7,7,4,7,7,4,12,12,2,4.5,4.5,7.5,7.5,2,4.5,4.5,5,5,3,3,3,3,3,3,3,3,3,3
38,0.76000000000000001,SPIN001_STRIKE,1076,0,-0.24609999999999999,-0.24609999999999999,0,0.0055999999999999999,-0.0055999999999999999,0,-0.034799999999999998,0.034799999999999998,0,0.44679999999999997,0.44679999999999997,0,-1.7507963267948965,-0.92326238369267732,-0.18540000000000001,-0.18540000000000001,0,0.29936459787956377,-0.9876096821808561,-0.0077999999999999996,0.0077999999999999996,-0.17191156192620849,0.28336497966793989,-0.016539307308662706,-0.50855249882838638,0.025855783413169704,0.68867109541462534,0.028596479664696445,0.2803404509260537,-1.311189255399841,0.57052751242211108,0,0,0,0,0,0,0,0,0,0,0,0,0,-0.93295322500674682,0,0,0,0,-4.3655884481908993,0,0,0,-4.1185688195654562,0,0.75490207864724457,0,1.2254942708446486,0,-1.8800662012847871,0,0.017895045044882818,0,0,0,0,0,0,0,0,0,0,0,0,0,0,0,0,0,0,0,0,0,0,0,0,0,0,0,0,0,0,0,2250,2250,400,400,400,500,300,300,500,3000,3000,40,60,60,750,750,40,60,60,500,500,45,45,45,45,45,45,30,30,30,30,12,12,4,7,7,4,7,7,4,12,12,2,4.5,4.5,7.5,7.5,2,4.5,4.5,5,5,3,3,3,3,3,3,3,3,3,3
39,0.78000000000000003,SPIN001_STRIKE,1078,32,-0.24609999999999999,-0.24609999999999999,0,0.0055999999999999999,-0.0055999999999999999,0,-0.034799999999999998,0.034799999999999998,0,0.44679999999999997,0.44679999999999997,0,-1.7507963267948965,-0.93372737494071023,-0.18540000000000001,-0.18540000000000001,0,0.29936459787956377,-1.0603837904137314,-0.0077999999999999996,0.0077999999999999996,-0.17191156192620849,0.21034787441894237,-0.016539307308662706,-0.48592373273781447,0.025855783413169704,0.70703129601715986,0.028596479664696445,0.24700921434645512,-1.311189255399841,0.57520295586043402,0,0,0,0,0,0,0,0,0,0,0,0,0,-0.069714610510607233,0,0,0,0,-2.508683280291693,0,0,0,-3.11780612288169,0,1.4437483666370863,0,0.28870885759646192,0,-1.4232327224793304,0,0.62204119003060609,0,0,0,0,0,0,0,0,0,0,0,0,0,0,0,0,0,0,0,0,0,0,0,0,0,0,0,0,0,0,0,2250,2250,400,400,400,500,300,300,500,3000,3000,40,60,60,750,750,40,60,60,500,500,45,45,45,45,45,45,30,30,30,30,12,12,4,7,7,4,7,7,4,12,12,2,4.5,4.5,7.5,7.5,2,4.5,4.5,5,5,3,3,3,3,3,3,3,3,3,3
40,0.80000000000000004,SPIN001_BRAKE,1080,0,-0.24609999999999999,-0.24609999999999999,0,0.0055999999999999999,-0.0055999999999999999,0,-0.034799999999999998,0.034799999999999998,0,0.44679999999999997,0.44679999999999997,0,-1.7507963267948965,-0.92605096811310161,-0.18540000000000001,-0.18540000000000001,0,0.29936459787956377,-1.0879570133925238,-0.0077999999999999996,0.0077999999999999996,-0.17191156192620849,0.15865273475267228,-0.016539307308662706,-0.45080256416290293,0.025855783413169704,0.70021944971848382,0.028596479664696445,0.22341114202688048,-1.311189255399841,0.59540916002333533,0,0,0,0,0,0,0,0,0,0,0,0,0,0.78146701996101853,0,0,0,0,-0.26646649096735975,0,0,0,-2.0650898305127057,0,1.8663259984750324,0,-0.97020523979787499,0,-0.94268318997605127,0,1.3785308238130205,0,0,0,0,0,0,0,0,0,0,0,0,0,0,0,0,0,0,0,0,0,0,0,0,0,0,0,0,0,0,0,2250,2250,400,400,400,500,300,300,500,3000,3000,40,60,60,750,750,40,60,60,500,500,45,45,45,45,45,45,30,30,30,30,12,12,4,7,7,4,7,7,4,12,12,2,4.5,4.5,7.5,7.5,2,4.5,4.5,5,5,3,3,3,3,3,3,3,3,3,3
41,0.81999999999999995,SPIN001_BRAKE,1082,0,-0.24609999999999999,-0.24609999999999999,0,0.0055999999999999999,-0.0055999999999999999,0,-0.034799999999999998,0.034799999999999998,0,0.44679999999999997,0.44679999999999997,0,-1.7507963267948965,-0.90246869414226949,-0.18540000000000001,-0.18540000000000001,0,0.29936459787956377,-1.0710424500524258,-0.0077999999999999996,0.0077999999999999996,-0.17191156192620849,0.12774428119843415,-0.016539307308662706,-0.41127069279881318,0.025855783413169704,0.66822308642524486,0.028596479664696445,0.20930188674741307,-1.311189255399841,0.63034418881295484,0,0,0,0,0,0,0,0,0,0,0,0,0,1.390824244892122,0,0,0,0,1.5761157049467844,0,0,0,-1.1178550808985384,0,1.8440498923177049,0,-1.9649455898174322,0,-0.51028443316228356,0,1.9197180409774361,0,0,0,0,0,0,0,0,0,0,0,0,0,0,0,0,0,0,0,0,0,0,0,0,0,0,0,0,0,0,0,2250,2250,400,400,400,500,300,300,500,3000,3000,40,60,60,750,750,40,60,60,500,500,45,45,45,45,45,45,30,30,30,30,12,12,4,7,7,4,7,7,4,12,12,2,4.5,4.5,7.5,7.5,2,4.5,4.5,5,5,3,3,3,3,3,3,3,3,3,3
42,0.83999999999999997,SPIN001_BRAKE,1084,0,-0.24609999999999999,-0.24609999999999999,0,0.0055999999999999999,-0.0055999999999999999,0,-0.034799999999999998,0.034799999999999998,0,0.44679999999999997,0.44679999999999997,0,-1.7507963267948965,-0.87041799831741673,-0.18540000000000001,-0.18540000000000001,0,0.29936459787956377,-1.0249123851946524,-0.0077999999999999996,0.0077999999999999996,-0.17191156192620849,0.11393853151673074,-0.016539307308662706,-0.37704056847019474,0.025855783413169704,0.62162162612578653,0.028596479664696445,0.20299976470038913,-1.311189255399841,0.67219788166243277,0,0,0,0,0,0,0,0,0,0,0,0,0,1.5713080045320431,0,0,0,0,2.4829004452536356,0,0,0,-0.41769510167369955,0,1.3917789782586856,0,-2.3212821180374985,0,-0.19067168171826021,0,2.0044426920242664,0,0,0,0,0,0,0,0,0,0,0,0,0,0,0,0,0,0,0,0,0,0,0,0,0,0,0,0,0,0,0,2250,2250,400,400,400,500,300,300,500,3000,3000,40,60,60,750,750,40,60,60,500,500,45,45,45,45,45,45,30,30,30,30,12,12,4,7,7,4,7,7,4,12,12,2,4.5,4.5,7.5,7.5,2,4.5,4.5,5,5,3,3,3,3,3,3,3,3,3,3
43,0.85999999999999999,SPIN001_BRAKE,1086,0,-0.24609999999999999,-0.24609999999999999,0,0.0055999999999999999,-0.0055999999999999999,0,-0.034799999999999998,0.034799999999999998,0,0.44679999999999997,0.44679999999999997,0,-1.7507963267948965,-0.83961637396098776,-0.18540000000000001,-0.18540000000000001,0,0.29936459787956377,-0.97172643224228039,-0.0077999999999999996,0.0077999999999999996,-0.17191156192620849,0.11103647713148616,-0.016539307308662706,-0.35559953366846575,0.025855783413169704,0.57537180170374491,0.028596479664696445,0.20167501947868266,-1.311189255399841,0.7105218964939255,0,0,0,0,0,0,0,0,0,0,0,0,0,1.2850408158366911,0,0,0,0,2.3056613439175115,0,0,0,-0.069008309780400207,0,0.73189149572490952,0,-1.9757136093535577,0,-0.031501280301443613,0,1.6099279896610308,0,0,0,0,0,0,0,0,0,0,0,0,0,0,0,0,0,0,0,0,0,0,0,0,0,0,0,0,0,0,0,2250,2250,400,400,400,500,300,300,500,3000,3000,40,60,60,750,750,40,60,60,500,500,45,45,45,45,45,45,30,30,30,30,12,12,4,7,7,4,7,7,4,12,12,2,4.5,4.5,7.5,7.5,2,4.5,4.5,5,5,3,3,3,3,3,3,3,3,3,3
44,0.88,SPIN001_BRAKE,1088,0,-0.24609999999999999,-0.24609999999999999,0,0.0055999999999999999,-0.0055999999999999999,0,-0.034799999999999998,0.034799999999999998,0,0.44679999999999997,0.44679999999999997,0,-1.7507963267948965,-0.81901636568394909,-0.18540000000000001,-0.18540000000000001,0,0.29936459787956377,-0.93268593143795198,-0.0077999999999999996,0.0077999999999999996,-0.17191156192620849,0.11117819912551473,-0.016539307308662706,-0.34776490864119836,0.025855783413169704,0.54259308175164422,0.028596479664696445,0.20173971348833139,-1.311189255399841,0.736595001248874,0,0,0,0,0,0,0,0,0,0,0,0,0,0.71319457852929424,0,0,0,0,1.3827103509607419,0,0,0,-0.013896546186571712,0,0.22399412454807421,0,-1.1754677079813092,0,-0.0063435693185093234,0,0.92908402369734633,0,0,0,0,0,0,0,0,0,0,0,0,0,0,0,0,0,0,0,0,0,0,0,0,0,0,0,0,0,0,0,2250,2250,400,400,400,500,300,300,500,3000,3000,40,60,60,750,750,40,60,60,500,500,45,45,45,45,45,45,30,30,30,30,12,12,4,7,7,4,7,7,4,12,12,2,4.5,4.5,7.5,7.5,2,4.5,4.5,5,5,3,3,3,3,3,3,3,3,3,3
45,0.90000000000000002,SPIN001_BRAKE,1090,0,-0.24609999999999999,-0.24609999999999999,0,0.0055999999999999999,-0.0055999999999999999,0,-0.034799999999999998,0.034799999999999998,0,0.44679999999999997,0.44679999999999997,0,-1.7507963267948965,-0.81108859081981599,-0.18540000000000001,-0.18540000000000001,0,0.29936459787956377,-0.91641801820385071,-0.0077999999999999996,0.0077999999999999996,-0.17191156192620849,0.1104806152840233,-0.016539307308662706,-0.34663976868654278,0.025855783413169704,0.52835309338449254,0.028596479664696445,0.20142127670594229,-1.311189255399841,0.74768525744181935,0,0,0,0,0,0,0,0,0,0,0,0,0,0.2294404924213872,0,0,0,0,0.47377626756412994,0,0,0,-0.020163936601650875,0,0.028128498866389351,0,-0.41482704379111057,0,-0.0092045410312241449,0,0.32239395412251015,0,0,0,0,0,0,0,0,0,0,0,0,0,0,0,0,0,0,0,0,0,0,0,0,0,0,0,0,0,0,0,2250,2250,400,400,400,500,300,300,500,3000,3000,40,60,60,750,750,40,60,60,500,500,45,45,45,45,45,45,30,30,30,30,12,12,4,7,7,4,7,7,4,12,12,2,4.5,4.5,7.5,7.5,2,4.5,4.5,5,5,3,3,3,3,3,3,3,3,3,3
46,0.92000000000000004,SPIN001_BRAKE,1092,0,-0.24609999999999999,-0.24609999999999999,0,0.0055999999999999999,-0.0055999999999999999,0,-0.034799999999999998,0.034799999999999998,0,0.44679999999999997,0.44679999999999997,0,-1.7507963267948965,-0.8098387459870936,-0.18540000000000001,-0.18540000000000001,0,0.29936459787956377,-0.91373488073538678,-0.0077999999999999996,0.0077999999999999996,-0.17191156192620849,0.11037164166144869,-0.016539307308662706,-0.34663976868654278,0.025855783413169704,0.5259999999999998,0.028596479664696445,0.20137153184708242,-1.311189255399841,0.74949075941377441,0,0,0,0,0,0,0,0,0,0,0,0,0,0.031246120818059775,0,0,0,0,0.06707843671159841,0,0,0,-0.0027243405643650326,0,0,0,-0.058827334612318594,0,-0.0012436214714965643,0,0.045137549298876478,0,0,0,0,0,0,0,0,0,0,0,0,0,0,0,0,0,0,0,0,0,0,0,0,0,0,0,0,0,0,0,2250,2250,400,400,400,500,300,300,500,3000,3000,40,60,60,750,750,40,60,60,500,500,45,45,45,45,45,45,30,30,30,30,12,12,4,7,7,4,7,7,4,12,12,2,4.5,4.5,7.5,7.5,2,4.5,4.5,5,5,3,3,3,3,3,3,3,3,3,3
47,0.93999999999999995,SPIN001_POST_STRIKE_DWELL,1094,64,-0.24609999999999999,-0.24609999999999999,0,0.0055999999999999999,-0.0055999999999999999,0,-0.034799999999999998,0.034799999999999998,0,0.44679999999999997,0.44679999999999997,0,-1.7507963267948965,-0.8098387459870936,-0.18540000000000001,-0.18540000000000001,0,0.29936459787956377,-0.91373488073538678,-0.0077999999999999996,0.0077999999999999996,-0.17191156192620849,0.11037164166144869,-0.016539307308662706,-0.34663976868654278,0.025855783413169704,0.5259999999999998,0.028596479664696445,0.20137153184708242,-1.311189255399841,0.74949075941377441,0,0,0,0,0,0,0,0,0,0,0,0,0.00092476494627513617,0,0,0,0,0,0,0,0,0,0,0,0,0,0,0,0,0,0,0,0,0,0,0,0,0,0,0,0,0,0,0,0,0,0,0,0,0,0,0,0,0,0,0,0,0,0,0,0,0,2250,2250,400,400,400,500,300,300,500,3000,3000,40,60,60,750,750,40,60,60,500,500,45,45,45,45,45,45,30,30,30,30,12,12,4,7,7,4,7,7,4,12,12,2,4.5,4.5,7.5,7.5,2,4.5,4.5,5,5,3,3,3,3,3,3,3,3,3,3
48,0.95999999999999996,SPIN001_POST_STRIKE_DWELL,1096,0,-0.24609999999999999,-0.24609999999999999,0,0.0055999999999999999,-0.0055999999999999999,0,-0.034799999999999998,0.034799999999999998,0,0.44679999999999997,0.44679999999999997,0,-1.7507593361970455,-0.8098387459870936,-0.18540000000000001,-0.18540000000000001,0,0.29936459787956377,-0.91373488073538678,-0.0077999999999999996,0.0077999999999999996,-0.17191156192620849,0.11037164166144869,-0.016539307308662706,-0.34663976868654278,0.025855783413169704,0.5259999999999998,0.028596479664696445,0.20137153184708242,-1.311189255399841,0.74949075941377441,0,0,0,0,0,0,0,0,0,0,0,0,0.0070873342478294798,0,0,0,0,0,0,0,0,0,0,0,0,0,0,0,0,0,0,0,0,0,0,0,0,0,0,0,0,0,0,0,0,0,0,0,0,0,0,0,0,0,0,0,0,0,0,0,0,0,2250,2250,400,400,400,500,300,300,500,3000,3000,40,60,60,750,750,40,60,60,500,500,45,45,45,45,45,45,30,30,30,30,12,12,4,7,7,4,7,7,4,12,12,2,4.5,4.5,7.5,7.5,2,4.5,4.5,5,5,3,3,3,3,3,3,3,3,3,3
49,0.97999999999999998,SPIN001_POST_STRIKE_DWELL,1098,0,-0.24609999999999999,-0.24609999999999999,0,0.0055999999999999999,-0.0055999999999999999,0,-0.034799999999999998,0.034799999999999998,0,0.44679999999999997,0.44679999999999997,0,-1.7505128334249833,-0.8098387459870936,-0.18540000000000001,-0.18540000000000001,0,0.29936459787956377,-0.91373488073538678,-0.0077999999999999996,0.0077999999999999996,-0.17191156192620849,0.11037164166144869,-0.016539307308662706,-0.34663976868654278,0.025855783413169704,0.5259999999999998,0.028596479664696445,0.20137153184708242,-1.311189255399841,0.74949075941377441,0,0,0,0,0,0,0,0,0,0,0,0,0.021970200331500322,0,0,0,0,0,0,0,0,0,0,0,0,0,0,0,0,0,0,0,0,0,0,0,0,0,0,0,0,0,0,0,0,0,0,0,0,0,0,0,0,0,0,0,0,0,0,0,0,0,2250,2250,400,400,400,500,300,300,500,3000,3000,40,60,60,750,750,40,60,60,500,500,45,45,45,45,45,45,30,30,30,30,12,12,4,7,7,4,7,7,4,12,12,2,4.5,4.5,7.5,7.5,2,4.5,4.5,5,5,3,3,3,3,3,3,3,3,3,3
50,1,SPIN001_POST_STRIKE_DWELL,1100,0,-0.24609999999999999,-0.24609999999999999,0,0.0055999999999999999,-0.0055999999999999999,0,-0.034799999999999998,0.034799999999999998,0,0.44679999999999997,0.44679999999999997,0,-1.7498805281837855,-0.8098387459870936,-0.18540000000000001,-0.18540000000000001,0,0.29936459787956377,-0.91373488073538678,-0.0077999999999999996,0.0077999999999999996,-0.17191156192620849,0.11037164166144869,-0.016539307308662706,-0.34663976868654278,0.025855783413169704,0.5259999999999998,0.028596479664696445,0.20137153184708242,-1.311189255399841,0.74949075941377441,0,0,0,0,0,0,0,0,0,0,0,0,0.044810242341103423,0,0,0,0,0,0,0,0,0,0,0,0,0,0,0,0,0,0,0,0,0,0,0,0,0,0,0,0,0,0,0,0,0,0,0,0,0,0,0,0,0,0,0,0,0,0,0,0,0,2250,2250,400,400,400,500,300,300,500,3000,3000,40,60,60,750,750,40,60,60,500,500,45,45,45,45,45,45,30,30,30,30,12,12,4,7,7,4,7,7,4,12,12,2,4.5,4.5,7.5,7.5,2,4.5,4.5,5,5,3,3,3,3,3,3,3,3,3,3
51,1.02,SPIN001_POST_STRIKE_DWELL,1102,0,-0.24609999999999999,-0.24609999999999999,0,0.0055999999999999999,-0.0055999999999999999,0,-0.034799999999999998,0.034799999999999998,0,0.44679999999999997,0.44679999999999997,0,-1.7487204237313392,-0.8098387459870936,-0.18540000000000001,-0.18540000000000001,0,0.29936459787956377,-0.91373488073538678,-0.0077999999999999996,0.0077999999999999996,-0.17191156192620849,0.11037164166144869,-0.016539307308662706,-0.34663976868654278,0.025855783413169704,0.5259999999999998,0.028596479664696445,0.20137153184708242,-1.311189255399841,0.74949075941377441,0,0,0,0,0,0,0,0,0,0,0,0,0.073946366312305223,0,0,0,0,0,0,0,0,0,0,0,0,0,0,0,0,0,0,0,0,0,0,0,0,0,0,0,0,0,0,0,0,0,0,0,0,0,0,0,0,0,0,0,0,0,0,0,0,0,2250,2250,400,400,400,500,300,300,500,3000,3000,40,60,60,750,750,40,60,60,500,500,45,45,45,45,45,45,30,30,30,30,12,12,4,7,7,4,7,7,4,12,12,2,4.5,4.5,7.5,7.5,2,4.5,4.5,5,5,3,3,3,3,3,3,3,3,3,3
52,1.04,SPIN001_POST_STRIKE_DWELL,1104,0,-0.24609999999999999,-0.24609999999999999,0,0.0055999999999999999,-0.0055999999999999999,0,-0.034799999999999998,0.034799999999999998,0,0.44679999999999997,0.44679999999999997,0,-1.7469226735312933,-0.8098387459870936,-0.18540000000000001,-0.18540000000000001,0,0.29936459787956377,-0.91373488073538678,-0.0077999999999999996,0.0077999999999999996,-0.17191156192620849,0.11037164166144869,-0.016539307308662706,-0.34663976868654278,0.025855783413169704,0.5259999999999998,0.028596479664696445,0.20137153184708242,-1.311189255399841,0.74949075941377441,0,0,0,0,0,0,0,0,0,0,0,0,0.10782464563329208,0,0,0,0,0,0,0,0,0,0,0,0,0,0,0,0,0,0,0,0,0,0,0,0,0,0,0,0,0,0,0,0,0,0,0,0,0,0,0,0,0,0,0,0,0,0,0,0,0,2250,2250,400,400,400,500,300,300,500,3000,3000,40,60,60,750,750,40,60,60,500,500,45,45,45,45,45,45,30,30,30,30,12,12,4,7,7,4,7,7,4,12,12,2,4.5,4.5,7.5,7.5,2,4.5,4.5,5,5,3,3,3,3,3,3,3,3,3,3
53,1.0600000000000001,SPIN001_POST_STRIKE_DWELL,1106,0,-0.24609999999999999,-0.24609999999999999,0,0.0055999999999999999,-0.0055999999999999999,0,-0.034799999999999998,0.034799999999999998,0,0.44679999999999997,0.44679999999999997,0,-1.7444074379060075,-0.8098387459870936,-0.18540000000000001,-0.18540000000000001,0,0.29936459787956377,-0.91373488073538678,-0.0077999999999999996,0.0077999999999999996,-0.17191156192620849,0.11037164166144869,-0.016539307308662706,-0.34663976868654278,0.025855783413169704,0.5259999999999998,0.028596479664696445,0.20137153184708242,-1.311189255399841,0.74949075941377441,0,0,0,0,0,0,0,0,0,0,0,0,0.14499832104480914,0,0,0,0,0,0,0,0,0,0,0,0,0,0,0,0,0,0,0,0,0,0,0,0,0,0,0,0,0,0,0,0,0,0,0,0,0,0,0,0,0,0,0,0,0,0,0,0,0,2250,2250,400,400,400,500,300,300,500,3000,3000,40,60,60,750,750,40,60,60,500,500,45,45,45,45,45,45,30,30,30,30,12,12,4,7,7,4,7,7,4,12,12,2,4.5,4.5,7.5,7.5,2,4.5,4.5,5,5,3,3,3,3,3,3,3,3,3,3
54,1.0800000000000001,SPIN001_POST_STRIKE_DWELL,1108,0,-0.24609999999999999,-0.24609999999999999,0,0.0055999999999999999,-0.0055999999999999999,0,-0.034799999999999998,0.034799999999999998,0,0.44679999999999997,0.44679999999999997,0,-1.7411227406895009,-0.8098387459870936,-0.18540000000000001,-0.18540000000000001,0,0.29936459787956377,-0.91373488073538678,-0.0077999999999999996,0.0077999999999999996,-0.17191156192620849,0.11037164166144869,-0.016539307308662706,-0.34663976868654278,0.025855783413169704,0.5259999999999998,0.028596479664696445,0.20137153184708242,-1.311189255399841,0.74949075941377441,0,0,0,0,0,0,0,0,0,0,0,0,0.18412780064014367,0,0,0,0,0,0,0,0,0,0,0,0,0,0,0,0,0,0,0,0,0,0,0,0,0,0,0,0,0,0,0,0,0,0,0,0,0,0,0,0,0,0,0,0,0,0,0,0,0,2250,2250,400,400,400,500,300,300,500,3000,3000,40,60,60,750,750,40,60,60,500,500,45,45,45,45,45,45,30,30,30,30,12,12,4,7,7,4,7,7,4,12,12,2,4.5,4.5,7.5,7.5,2,4.5,4.5,5,5,3,3,3,3,3,3,3,3,3,3
55,1.1000000000000001,SPIN001_POST_STRIKE_DWELL,1110,0,-0.24609999999999999,-0.24609999999999999,0,0.0055999999999999999,-0.0055999999999999999,0,-0.034799999999999998,0.034799999999999998,0,0.44679999999999997,0.44679999999999997,0,-1.7370423258804017,-0.8098387459870936,-0.18540000000000001,-0.18540000000000001,0,0.29936459787956377,-0.91373488073538678,-0.0077999999999999996,0.0077999999999999996,-0.17191156192620849,0.11037164166144869,-0.016539307308662706,-0.34663976868654278,0.025855783413169704,0.5259999999999998,0.028596479664696445,0.20137153184708242,-1.311189255399841,0.74949075941377441,0,0,0,0,0,0,0,0,0,0,0,0,0.22398065986511395,0,0,0,0,0,0,0,0,0,0,0,0,0,0,0,0,0,0,0,0,0,0,0,0,0,0,0,0,0,0,0,0,0,0,0,0,0,0,0,0,0,0,0,0,0,0,0,0,0,2250,2250,400,400,400,500,300,300,500,3000,3000,40,60,60,750,750,40,60,60,500,500,45,45,45,45,45,45,30,30,30,30,12,12,4,7,7,4,7,7,4,12,12,2,4.5,4.5,7.5,7.5,2,4.5,4.5,5,5,3,3,3,3,3,3,3,3,3,3
56,1.1200000000000001,SPIN001_POST_STRIKE_DWELL,1112,0,-0.24609999999999999,-0.24609999999999999,0,0.0055999999999999999,-0.0055999999999999999,0,-0.034799999999999998,0.034799999999999998,0,0.44679999999999997,0.44679999999999997,0,-1.7321635142948963,-0.8098387459870936,-0.18540000000000001,-0.18540000000000001,0,0.29936459787956377,-0.91373488073538678,-0.0077999999999999996,0.0077999999999999996,-0.17191156192620849,0.11037164166144869,-0.016539307308662706,-0.34663976868654278,0.025855783413169704,0.5259999999999998,0.028596479664696445,0.20137153184708242,-1.311189255399841,0.74949075941377441,0,0,0,0,0,0,0,0,0,0,0,0,0.2634316415180582,0,0,0,0,0,0,0,0,0,0,0,0,0,0,0,0,0,0,0,0,0,0,0,0,0,0,0,0,0,0,0,0,0,0,0,0,0,0,0,0,0,0,0,0,0,0,0,0,0,2250,2250,400,400,400,500,300,300,500,3000,3000,40,60,60,750,750,40,60,60,500,500,45,45,45,45,45,45,30,30,30,30,12,12,4,7,7,4,7,7,4,12,12,2,4.5,4.5,7.5,7.5,2,4.5,4.5,5,5,3,3,3,3,3,3,3,3,3,3
57,1.1399999999999999,SPIN001_POST_STRIKE_DWELL,1114,0,-0.24609999999999999,-0.24609999999999999,0,0.0055999999999999999,-0.0055999999999999999,0,-0.034799999999999998,0.034799999999999998,0,0.44679999999999997,0.44679999999999997,0,-1.7265050602196794,-0.8098387459870936,-0.18540000000000001,-0.18540000000000001,0,0.29936459787956377,-0.91373488073538678,-0.0077999999999999996,0.0077999999999999996,-0.17191156192620849,0.11037164166144869,-0.016539307308662706,-0.34663976868654278,0.025855783413169704,0.5259999999999998,0.028596479664696445,0.20137153184708242,-1.311189255399841,0.74949075941377441,0,0,0,0,0,0,0,0,0,0,0,0,0.30146265574987896,0,0,0,0,0,0,0,0,0,0,0,0,0,0,0,0,0,0,0,0,0,0,0,0,0,0,0,0,0,0,0,0,0,0,0,0,0,0,0,0,0,0,0,0,0,0,0,0,0,2250,2250,400,400,400,500,300,300,500,3000,3000,40,60,60,750,750,40,60,60,500,500,45,45,45,45,45,45,30,30,30,30,12,12,4,7,7,4,7,7,4,12,12,2,4.5,4.5,7.5,7.5,2,4.5,4.5,5,5,3,3,3,3,3,3,3,3,3,3
58,1.1599999999999999,SPIN001_POST_STRIKE_DWELL,1116,0,-0.24609999999999999,-0.24609999999999999,0,0.0055999999999999999,-0.0055999999999999999,0,-0.034799999999999998,0.034799999999999998,0,0.44679999999999997,0.44679999999999997,0,-1.7201050080649012,-0.8098387459870936,-0.18540000000000001,-0.18540000000000001,0,0.29936459787956377,-0.91373488073538678,-0.0077999999999999996,0.0077999999999999996,-0.17191156192620849,0.11037164166144869,-0.016539307308662706,-0.34663976868654278,0.025855783413169704,0.5259999999999998,0.028596479664696445,0.20137153184708242,-1.311189255399841,0.74949075941377441,0,0,0,0,0,0,0,0,0,0,0,0,0.33716278006401534,0,0,0,0,0,0,0,0,0,0,0,0,0,0,0,0,0,0,0,0,0,0,0,0,0,0,0,0,0,0,0,0,0,0,0,0,0,0,0,0,0,0,0,0,0,0,0,0,0,2250,2250,400,400,400,500,300,300,500,3000,3000,40,60,60,750,750,40,60,60,500,500,45,45,45,45,45,45,30,30,30,30,12,12,4,7,7,4,7,7,4,12,12,2,4.5,4.5,7.5,7.5,2,4.5,4.5,5,5,3,3,3,3,3,3,3,3,3,3
59,1.1799999999999999,SPIN001_POST_STRIKE_DWELL,1118,0,-0.24609999999999999,-0.24609999999999999,0,0.0055999999999999999,-0.0055999999999999999,0,-0.034799999999999998,0.034799999999999998,0,0.44679999999999997,0.44679999999999997,0,-1.7130185490171188,-0.8098387459870936,-0.18540000000000001,-0.18540000000000001,0,0.29936459787956377,-0.91373488073538678,-0.0077999999999999996,0.0077999999999999996,-0.17191156192620849,0.11037164166144869,-0.016539307308662706,-0.34663976868654278,0.025855783413169704,0.5259999999999998,0.028596479664696445,0.20137153184708242,-1.311189255399841,0.74949075941377441,0,0,0,0,0,0,0,0,0,0,0,0,0.36972825931642084,0,0,0,0,0,0,0,0,0,0,0,0,0,0,0,0,0,0,0,0,0,0,0,0,0,0,0,0,0,0,0,0,0,0,0,0,0,0,0,0,0,0,0,0,0,0,0,0,0,2250,2250,400,400,400,500,300,300,500,3000,3000,40,60,60,750,750,40,60,60,500,500,45,45,45,45,45,45,30,30,30,30,12,12,4,7,7,4,7,7,4,12,12,2,4.5,4.5,7.5,7.5,2,4.5,4.5,5,5,3,3,3,3,3,3,3,3,3,3
60,1.2,SPIN001_POST_STRIKE_DWELL,1120,0,-0.24609999999999999,-0.24609999999999999,0,0.0055999999999999999,-0.0055999999999999999,0,-0.034799999999999998,0.034799999999999998,0,0.44679999999999997,0.44679999999999997,0,-1.7053158776922444,-0.8098387459870936,-0.18540000000000001,-0.18540000000000001,0,0.29936459787956377,-0.91373488073538678,-0.0077999999999999996,0.0077999999999999996,-0.17191156192620849,0.11037164166144869,-0.016539307308662706,-0.34663976868654278,0.025855783413169704,0.5259999999999998,0.028596479664696445,0.20137153184708242,-1.311189255399841,0.74949075941377441,0,0,0,0,0,0,0,0,0,0,0,0,0.3984625057155966,0,0,0,0,0,0,0,0,0,0,0,0,0,0,0,0,0,0,0,0,0,0,0,0,0,0,0,0,0,0,0,0,0,0,0,0,0,0,0,0,0,0,0,0,0,0,0,0,0,2250,2250,400,400,400,500,300,300,500,3000,3000,40,60,60,750,750,40,60,60,500,500,45,45,45,45,45,45,30,30,30,30,12,12,4,7,7,4,7,7,4,12,12,2,4.5,4.5,7.5,7.5,2,4.5,4.5,5,5,3,3,3,3,3,3,3,3,3,3
61,1.22,SPIN001_POST_STRIKE_DWELL,1122,0,-0.24609999999999999,-0.24609999999999999,0,0.0055999999999999999,-0.0055999999999999999,0,-0.034799999999999998,0.034799999999999998,0,0.44679999999999997,0.44679999999999997,0,-1.6970800487884949,-0.8098387459870936,-0.18540000000000001,-0.18540000000000001,0,0.29936459787956377,-0.91373488073538678,-0.0077999999999999996,0.0077999999999999996,-0.17191156192620849,0.11037164166144869,-0.016539307308662706,-0.34663976868654278,0.025855783413169704,0.5259999999999998,0.028596479664696445,0.20137153184708242,-1.311189255399841,0.74949075941377441,0,0,0,0,0,0,0,0,0,0,0,0,0.42277609882258593,0,0,0,0,0,0,0,0,0,0,0,0,0,0,0,0,0,0,0,0,0,0,0,0,0,0,0,0,0,0,0,0,0,0,0,0,0,0,0,0,0,0,0,0,0,0,0,0,0,2250,2250,400,400,400,500,300,300,500,3000,3000,40,60,60,750,750,40,60,60,500,500,45,45,45,45,45,45,30,30,30,30,12,12,4,7,7,4,7,7,4,12,12,2,4.5,4.5,7.5,7.5,2,4.5,4.5,5,5,3,3,3,3,3,3,3,3,3,3
62,1.24,SPIN001_POST_STRIKE_DWELL,1124,0,-0.24609999999999999,-0.24609999999999999,0,0.0055999999999999999,-0.0055999999999999999,0,-0.034799999999999998,0.034799999999999998,0,0.44679999999999997,0.44679999999999997,0,-1.6884048337393409,-0.8098387459870936,-0.18540000000000001,-0.18540000000000001,0,0.29936459787956377,-0.91373488073538678,-0.0077999999999999996,0.0077999999999999996,-0.17191156192620849,0.11037164166144869,-0.016539307308662706,-0.34663976868654278,0.025855783413169704,0.5259999999999998,0.028596479664696445,0.20137153184708242,-1.311189255399841,0.74949075941377441,0,0,0,0,0,0,0,0,0,0,0,0,0.44218678555097979,0,0,0,0,0,0,0,0,0,0,0,0,0,0,0,0,0,0,0,0,0,0,0,0,0,0,0,0,0,0,0,0,0,0,0,0,0,0,0,0,0,0,0,0,0,0,0,0,0,2250,2250,400,400,400,500,300,300,500,3000,3000,40,60,60,750,750,40,60,60,500,500,45,45,45,45,45,45,30,30,30,30,12,12,4,7,7,4,7,7,4,12,12,2,4.5,4.5,7.5,7.5,2,4.5,4.5,5,5,3,3,3,3,3,3,3,3,3,3
63,1.26,SPIN001_POST_STRIKE_DWELL,1126,0,-0.24609999999999999,-0.24609999999999999,0,0.0055999999999999999,-0.0055999999999999999,0,-0.034799999999999998,0.034799999999999998,0,0.44679999999999997,0.44679999999999997,0,-1.6793925773664558,-0.8098387459870936,-0.18540000000000001,-0.18540000000000001,0,0.29936459787956377,-0.91373488073538678,-0.0077999999999999996,0.0077999999999999996,-0.17191156192620849,0.11037164166144869,-0.016539307308662706,-0.34663976868654278,0.025855783413169704,0.5259999999999998,0.028596479664696445,0.20137153184708242,-1.311189255399841,0.74949075941377441,0,0,0,0,0,0,0,0,0,0,0,0,0.45631948016689461,0,0,0,0,0,0,0,0,0,0,0,0,0,0,0,0,0,0,0,0,0,0,0,0,0,0,0,0,0,0,0,0,0,0,0,0,0,0,0,0,0,0,0,0,0,0,0,0,0,2250,2250,400,400,400,500,300,300,500,3000,3000,40,60,60,750,750,40,60,60,500,500,45,45,45,45,45,45,30,30,30,30,12,12,4,7,7,4,7,7,4,12,12,2,4.5,4.5,7.5,7.5,2,4.5,4.5,5,5,3,3,3,3,3,3,3,3,3,3
64,1.28,SPIN001_POST_STRIKE_DWELL,1128,0,-0.24609999999999999,-0.24609999999999999,0,0.0055999999999999999,-0.0055999999999999999,0,-0.034799999999999998,0.034799999999999998,0,0.44679999999999997,0.44679999999999997,0,-1.6701520545326651,-0.8098387459870936,-0.18540000000000001,-0.18540000000000001,0,0.29936459787956377,-0.91373488073538678,-0.0077999999999999996,0.0077999999999999996,-0.17191156192620849,0.11037164166144869,-0.016539307308662706,-0.34663976868654278,0.025855783413169704,0.5259999999999998,0.028596479664696445,0.20137153184708242,-1.311189255399841,0.74949075941377441,0,0,0,0,0,0,0,0,0,0,0,0,0.46490626428898341,0,0,0,0,0,0,0,0,0,0,0,0,0,0,0,0,0,0,0,0,0,0,0,0,0,0,0,0,0,0,0,0,0,0,0,0,0,0,0,0,0,0,0,0,0,0,0,0,0,2250,2250,400,400,400,500,300,300,500,3000,3000,40,60,60,750,750,40,60,60,500,500,45,45,45,45,45,45,30,30,30,30,12,12,4,7,7,4,7,7,4,12,12,2,4.5,4.5,7.5,7.5,2,4.5,4.5,5,5,3,3,3,3,3,3,3,3,3,3
65,1.3,SPIN001_POST_STRIKE_DWELL,1130,0,-0.24609999999999999,-0.24609999999999999,0,0.0055999999999999999,-0.0055999999999999999,0,-0.034799999999999998,0.034799999999999998,0,0.44679999999999997,0.44679999999999997,0,-1.6607963267948964,-0.8098387459870936,-0.18540000000000001,-0.18540000000000001,0,0.29936459787956377,-0.91373488073538678,-0.0077999999999999996,0.0077999999999999996,-0.17191156192620849,0.11037164166144869,-0.016539307308662706,-0.34663976868654278,0.025855783413169704,0.5259999999999998,0.028596479664696445,0.20137153184708242,-1.311189255399841,0.74949075941377441,0,0,0,0,0,0,0,0,0,0,0,0,0.46778638688843577,0,0,0,0,0,0,0,0,0,0,0,0,0,0,0,0,0,0,0,0,0,0,0,0,0,0,0,0,0,0,0,0,0,0,0,0,0,0,0,0,0,0,0,0,0,0,0,0,0,2250,2250,400,400,400,500,300,300,500,3000,3000,40,60,60,750,750,40,60,60,500,500,45,45,45,45,45,45,30,30,30,30,12,12,4,7,7,4,7,7,4,12,12,2,4.5,4.5,7.5,7.5,2,4.5,4.5,5,5,3,3,3,3,3,3,3,3,3,3
66,1.3200000000000001,SPIN001_POST_STRIKE_DWELL,1132,0,-0.24609999999999999,-0.24609999999999999,0,0.0055999999999999999,-0.0055999999999999999,0,-0.034799999999999998,0.034799999999999998,0,0.44679999999999997,0.44679999999999997,0,-1.6514405990571277,-0.8098387459870936,-0.18540000000000001,-0.18540000000000001,0,0.29936459787956377,-0.91373488073538678,-0.0077999999999999996,0.0077999999999999996,-0.17191156192620849,0.11037164166144869,-0.016539307308662706,-0.34663976868654278,0.025855783413169704,0.5259999999999998,0.028596479664696445,0.20137153184708242,-1.311189255399841,0.74949075941377441,0,0,0,0,0,0,0,0,0,0,0,0,0.46490626428897786,0,0,0,0,0,0,0,0,0,0,0,0,0,0,0,0,0,0,0,0,0,0,0,0,0,0,0,0,0,0,0,0,0,0,0,0,0,0,0,0,0,0,0,0,0,0,0,0,0,2250,2250,400,400,400,500,300,300,500,3000,3000,40,60,60,750,750,40,60,60,500,500,45,45,45,45,45,45,30,30,30,30,12,12,4,7,7,4,7,7,4,12,12,2,4.5,4.5,7.5,7.5,2,4.5,4.5,5,5,3,3,3,3,3,3,3,3,3,3
67,1.3400000000000001,SPIN001_POST_STRIKE_DWELL,1134,0,-0.24609999999999999,-0.24609999999999999,0,0.0055999999999999999,-0.0055999999999999999,0,-0.034799999999999998,0.034799999999999998,0,0.44679999999999997,0.44679999999999997,0,-1.6422000762233373,-0.8098387459870936,-0.18540000000000001,-0.18540000000000001,0,0.29936459787956377,-0.91373488073538678,-0.0077999999999999996,0.0077999999999999996,-0.17191156192620849,0.11037164166144869,-0.016539307308662706,-0.34663976868654278,0.025855783413169704,0.5259999999999998,0.028596479664696445,0.20137153184708242,-1.311189255399841,0.74949075941377441,0,0,0,0,0,0,0,0,0,0,0,0,0.45631948016689461,0,0,0,0,0,0,0,0,0,0,0,0,0,0,0,0,0,0,0,0,0,0,0,0,0,0,0,0,0,0,0,0,0,0,0,0,0,0,0,0,0,0,0,0,0,0,0,0,0,2250,2250,400,400,400,500,300,300,500,3000,3000,40,60,60,750,750,40,60,60,500,500,45,45,45,45,45,45,30,30,30,30,12,12,4,7,7,4,7,7,4,12,12,2,4.5,4.5,7.5,7.5,2,4.5,4.5,5,5,3,3,3,3,3,3,3,3,3,3
68,1.3600000000000001,SPIN001_POST_STRIKE_DWELL,1136,0,-0.24609999999999999,-0.24609999999999999,0,0.0055999999999999999,-0.0055999999999999999,0,-0.034799999999999998,0.034799999999999998,0,0.44679999999999997,0.44679999999999997,0,-1.6331878198504519,-0.8098387459870936,-0.18540000000000001,-0.18540000000000001,0,0.29936459787956377,-0.91373488073538678,-0.0077999999999999996,0.0077999999999999996,-0.17191156192620849,0.11037164166144869,-0.016539307308662706,-0.34663976868654278,0.025855783413169704,0.5259999999999998,0.028596479664696445,0.20137153184708242,-1.311189255399841,0.74949075941377441,0,0,0,0,0,0,0,0,0,0,0,0,0.44218678555097979,0,0,0,0,0,0,0,0,0,0,0,0,0,0,0,0,0,0,0,0,0,0,0,0,0,0,0,0,0,0,0,0,0,0,0,0,0,0,0,0,0,0,0,0,0,0,0,0,0,2250,2250,400,400,400,500,300,300,500,3000,3000,40,60,60,750,750,40,60,60,500,500,45,45,45,45,45,45,30,30,30,30,12,12,4,7,7,4,7,7,4,12,12,2,4.5,4.5,7.5,7.5,2,4.5,4.5,5,5,3,3,3,3,3,3,3,3,3,3
69,1.3799999999999999,SPIN001_POST_STRIKE_DWELL,1138,0,-0.24609999999999999,-0.24609999999999999,0,0.0055999999999999999,-0.0055999999999999999,0,-0.034799999999999998,0.034799999999999998,0,0.44679999999999997,0.44679999999999997,0,-1.6245126048012981,-0.8098387459870936,-0.18540000000000001,-0.18540000000000001,0,0.29936459787956377,-0.91373488073538678,-0.0077999999999999996,0.0077999999999999996,-0.17191156192620849,0.11037164166144869,-0.016539307308662706,-0.34663976868654278,0.025855783413169704,0.5259999999999998,0.028596479664696445,0.20137153184708242,-1.311189255399841,0.74949075941377441,0,0,0,0,0,0,0,0,0,0,0,0,0.42277609882258593,0,0,0,0,0,0,0,0,0,0,0,0,0,0,0,0,0,0,0,0,0,0,0,0,0,0,0,0,0,0,0,0,0,0,0,0,0,0,0,0,0,0,0,0,0,0,0,0,0,2250,2250,400,400,400,500,300,300,500,3000,3000,40,60,60,750,750,40,60,60,500,500,45,45,45,45,45,45,30,30,30,30,12,12,4,7,7,4,7,7,4,12,12,2,4.5,4.5,7.5,7.5,2,4.5,4.5,5,5,3,3,3,3,3,3,3,3,3,3
70,1.3999999999999999,SPIN001_POST_STRIKE_DWELL,1140,0,-0.24609999999999999,-0.24609999999999999,0,0.0055999999999999999,-0.0055999999999999999,0,-0.034799999999999998,0.034799999999999998,0,0.44679999999999997,0.44679999999999997,0,-1.6162767758975485,-0.8098387459870936,-0.18540000000000001,-0.18540000000000001,0,0.29936459787956377,-0.91373488073538678,-0.0077999999999999996,0.0077999999999999996,-0.17191156192620849,0.11037164166144869,-0.016539307308662706,-0.34663976868654278,0.025855783413169704,0.5259999999999998,0.028596479664696445,0.20137153184708242,-1.311189255399841,0.74949075941377441,0,0,0,0,0,0,0,0,0,0,0,0,0.3984625057155966,0,0,0,0,0,0,0,0,0,0,0,0,0,0,0,0,0,0,0,0,0,0,0,0,0,0,0,0,0,0,0,0,0,0,0,0,0,0,0,0,0,0,0,0,0,0,0,0,0,2250,2250,400,400,400,500,300,300,500,3000,3000,40,60,60,750,750,40,60,60,500,500,45,45,45,45,45,45,30,30,30,30,12,12,4,7,7,4,7,7,4,12,12,2,4.5,4.5,7.5,7.5,2,4.5,4.5,5,5,3,3,3,3,3,3,3,3,3,3
71,1.4199999999999999,SPIN001_POST_STRIKE_DWELL,1142,0,-0.24609999999999999,-0.24609999999999999,0,0.0055999999999999999,-0.0055999999999999999,0,-0.034799999999999998,0.034799999999999998,0,0.44679999999999997,0.44679999999999997,0,-1.6085741045726742,-0.8098387459870936,-0.18540000000000001,-0.18540000000000001,0,0.29936459787956377,-0.91373488073538678,-0.0077999999999999996,0.0077999999999999996,-0.17191156192620849,0.11037164166144869,-0.016539307308662706,-0.34663976868654278,0.025855783413169704,0.5259999999999998,0.028596479664696445,0.20137153184708242,-1.311189255399841,0.74949075941377441,0,0,0,0,0,0,0,0,0,0,0,0,0.36972825931641529,0,0,0,0,0,0,0,0,0,0,0,0,0,0,0,0,0,0,0,0,0,0,0,0,0,0,0,0,0,0,0,0,0,0,0,0,0,0,0,0,0,0,0,0,0,0,0,0,0,2250,2250,400,400,400,500,300,300,500,3000,3000,40,60,60,750,750,40,60,60,500,500,45,45,45,45,45,45,30,30,30,30,12,12,4,7,7,4,7,7,4,12,12,2,4.5,4.5,7.5,7.5,2,4.5,4.5,5,5,3,3,3,3,3,3,3,3,3,3
72,1.4399999999999999,SPIN001_POST_STRIKE_DWELL,1144,0,-0.24609999999999999,-0.24609999999999999,0,0.0055999999999999999,-0.0055999999999999999,0,-0.034799999999999998,0.034799999999999998,0,0.44679999999999997,0.44679999999999997,0,-1.6014876455248919,-0.8098387459870936,-0.18540000000000001,-0.18540000000000001,0,0.29936459787956377,-0.91373488073538678,-0.0077999999999999996,0.0077999999999999996,-0.17191156192620849,0.11037164166144869,-0.016539307308662706,-0.34663976868654278,0.025855783413169704,0.5259999999999998,0.028596479664696445,0.20137153184708242,-1.311189255399841,0.74949075941377441,0,0,0,0,0,0,0,0,0,0,0,0,0.33716278006401534,0,0,0,0,0,0,0,0,0,0,0,0,0,0,0,0,0,0,0,0,0,0,0,0,0,0,0,0,0,0,0,0,0,0,0,0,0,0,0,0,0,0,0,0,0,0,0,0,0,2250,2250,400,400,400,500,300,300,500,3000,3000,40,60,60,750,750,40,60,60,500,500,45,45,45,45,45,45,30,30,30,30,12,12,4,7,7,4,7,7,4,12,12,2,4.5,4.5,7.5,7.5,2,4.5,4.5,5,5,3,3,3,3,3,3,3,3,3,3
73,1.46,SPIN001_POST_STRIKE_DWELL,1146,0,-0.24609999999999999,-0.24609999999999999,0,0.0055999999999999999,-0.0055999999999999999,0,-0.034799999999999998,0.034799999999999998,0,0.44679999999999997,0.44679999999999997,0,-1.5950875933701136,-0.8098387459870936,-0.18540000000000001,-0.18540000000000001,0,0.29936459787956377,-0.91373488073538678,-0.0077999999999999996,0.0077999999999999996,-0.17191156192620849,0.11037164166144869,-0.016539307308662706,-0.34663976868654278,0.025855783413169704,0.5259999999999998,0.028596479664696445,0.20137153184708242,-1.311189255399841,0.74949075941377441,0,0,0,0,0,0,0,0,0,0,0,0,0.30146265574988451,0,0,0,0,0,0,0,0,0,0,0,0,0,0,0,0,0,0,0,0,0,0,0,0,0,0,0,0,0,0,0,0,0,0,0,0,0,0,0,0,0,0,0,0,0,0,0,0,0,2250,2250,400,400,400,500,300,300,500,3000,3000,40,60,60,750,750,40,60,60,500,500,45,45,45,45,45,45,30,30,30,30,12,12,4,7,7,4,7,7,4,12,12,2,4.5,4.5,7.5,7.5,2,4.5,4.5,5,5,3,3,3,3,3,3,3,3,3,3
74,1.48,SPIN001_POST_STRIKE_DWELL,1148,0,-0.24609999999999999,-0.24609999999999999,0,0.0055999999999999999,-0.0055999999999999999,0,-0.034799999999999998,0.034799999999999998,0,0.44679999999999997,0.44679999999999997,0,-1.5894291392948965,-0.8098387459870936,-0.18540000000000001,-0.18540000000000001,0,0.29936459787956377,-0.91373488073538678,-0.0077999999999999996,0.0077999999999999996,-0.17191156192620849,0.11037164166144869,-0.016539307308662706,-0.34663976868654278,0.025855783413169704,0.5259999999999998,0.028596479664696445,0.20137153184708242,-1.311189255399841,0.74949075941377441,0,0,0,0,0,0,0,0,0,0,0,0,0.2634316415180582,0,0,0,0,0,0,0,0,0,0,0,0,0,0,0,0,0,0,0,0,0,0,0,0,0,0,0,0,0,0,0,0,0,0,0,0,0,0,0,0,0,0,0,0,0,0,0,0,0,2250,2250,400,400,400,500,300,300,500,3000,3000,40,60,60,750,750,40,60,60,500,500,45,45,45,45,45,45,30,30,30,30,12,12,4,7,7,4,7,7,4,12,12,2,4.5,4.5,7.5,7.5,2,4.5,4.5,5,5,3,3,3,3,3,3,3,3,3,3
75,1.5,SPIN001_POST_STRIKE_DWELL,1150,0,-0.24609999999999999,-0.24609999999999999,0,0.0055999999999999999,-0.0055999999999999999,0,-0.034799999999999998,0.034799999999999998,0,0.44679999999999997,0.44679999999999997,0,-1.5845503277093913,-0.8098387459870936,-0.18540000000000001,-0.18540000000000001,0,0.29936459787956377,-0.91373488073538678,-0.0077999999999999996,0.0077999999999999996,-0.17191156192620849,0.11037164166144869,-0.016539307308662706,-0.34663976868654278,0.025855783413169704,0.5259999999999998,0.028596479664696445,0.20137153184708242,-1.311189255399841,0.74949075941377441,0,0,0,0,0,0,0,0,0,0,0,0,0.2239806598651084,0,0,0,0,0,0,0,0,0,0,0,0,0,0,0,0,0,0,0,0,0,0,0,0,0,0,0,0,0,0,0,0,0,0,0,0,0,0,0,0,0,0,0,0,0,0,0,0,0,2250,2250,400,400,400,500,300,300,500,3000,3000,40,60,60,750,750,40,60,60,500,500,45,45,45,45,45,45,30,30,30,30,12,12,4,7,7,4,7,7,4,12,12,2,4.5,4.5,7.5,7.5,2,4.5,4.5,5,5,3,3,3,3,3,3,3,3,3,3
76,1.52,SPIN001_POST_STRIKE_DWELL,1152,0,-0.24609999999999999,-0.24609999999999999,0,0.0055999999999999999,-0.0055999999999999999,0,-0.034799999999999998,0.034799999999999998,0,0.44679999999999997,0.44679999999999997,0,-1.5804699129002922,-0.8098387459870936,-0.18540000000000001,-0.18540000000000001,0,0.29936459787956377,-0.91373488073538678,-0.0077999999999999996,0.0077999999999999996,-0.17191156192620849,0.11037164166144869,-0.016539307308662706,-0.34663976868654278,0.025855783413169704,0.5259999999999998,0.028596479664696445,0.20137153184708242,-1.311189255399841,0.74949075941377441,0,0,0,0,0,0,0,0,0,0,0,0,0.18412780064014922,0,0,0,0,0,0,0,0,0,0,0,0,0,0,0,0,0,0,0,0,0,0,0,0,0,0,0,0,0,0,0,0,0,0,0,0,0,0,0,0,0,0,0,0,0,0,0,0,0,2250,2250,400,400,400,500,300,300,500,3000,3000,40,60,60,750,750,40,60,60,500,500,45,45,45,45,45,45,30,30,30,30,12,12,4,7,7,4,7,7,4,12,12,2,4.5,4.5,7.5,7.5,2,4.5,4.5,5,5,3,3,3,3,3,3,3,3,3,3
77,1.54,SPIN001_POST_STRIKE_DWELL,1154,0,-0.24609999999999999,-0.24609999999999999,0,0.0055999999999999999,-0.0055999999999999999,0,-0.034799999999999998,0.034799999999999998,0,0.44679999999999997,0.44679999999999997,0,-1.5771852156837853,-0.8098387459870936,-0.18540000000000001,-0.18540000000000001,0,0.29936459787956377,-0.91373488073538678,-0.0077999999999999996,0.0077999999999999996,-0.17191156192620849,0.11037164166144869,-0.016539307308662706,-0.34663976868654278,0.025855783413169704,0.5259999999999998,0.028596479664696445,0.20137153184708242,-1.311189255399841,0.74949075941377441,0,0,0,0,0,0,0,0,0,0,0,0,0.14499832104480914,0,0,0,0,0,0,0,0,0,0,0,0,0,0,0,0,0,0,0,0,0,0,0,0,0,0,0,0,0,0,0,0,0,0,0,0,0,0,0,0,0,0,0,0,0,0,0,0,0,2250,2250,400,400,400,500,300,300,500,3000,3000,40,60,60,750,750,40,60,60,500,500,45,45,45,45,45,45,30,30,30,30,12,12,4,7,7,4,7,7,4,12,12,2,4.5,4.5,7.5,7.5,2,4.5,4.5,5,5,3,3,3,3,3,3,3,3,3,3
78,1.5600000000000001,SPIN001_POST_STRIKE_DWELL,1156,0,-0.24609999999999999,-0.24609999999999999,0,0.0055999999999999999,-0.0055999999999999999,0,-0.034799999999999998,0.034799999999999998,0,0.44679999999999997,0.44679999999999997,0,-1.5746699800584998,-0.8098387459870936,-0.18540000000000001,-0.18540000000000001,0,0.29936459787956377,-0.91373488073538678,-0.0077999999999999996,0.0077999999999999996,-0.17191156192620849,0.11037164166144869,-0.016539307308662706,-0.34663976868654278,0.025855783413169704,0.5259999999999998,0.028596479664696445,0.20137153184708242,-1.311189255399841,0.74949075941377441,0,0,0,0,0,0,0,0,0,0,0,0,0.10782464563329208,0,0,0,0,0,0,0,0,0,0,0,0,0,0,0,0,0,0,0,0,0,0,0,0,0,0,0,0,0,0,0,0,0,0,0,0,0,0,0,0,0,0,0,0,0,0,0,0,0,2250,2250,400,400,400,500,300,300,500,3000,3000,40,60,60,750,750,40,60,60,500,500,45,45,45,45,45,45,30,30,30,30,12,12,4,7,7,4,7,7,4,12,12,2,4.5,4.5,7.5,7.5,2,4.5,4.5,5,5,3,3,3,3,3,3,3,3,3,3
79,1.5800000000000001,SPIN001_POST_STRIKE_DWELL,1158,0,-0.24609999999999999,-0.24609999999999999,0,0.0055999999999999999,-0.0055999999999999999,0,-0.034799999999999998,0.034799999999999998,0,0.44679999999999997,0.44679999999999997,0,-1.5728722298584537,-0.8098387459870936,-0.18540000000000001,-0.18540000000000001,0,0.29936459787956377,-0.91373488073538678,-0.0077999999999999996,0.0077999999999999996,-0.17191156192620849,0.11037164166144869,-0.016539307308662706,-0.34663976868654278,0.025855783413169704,0.5259999999999998,0.028596479664696445,0.20137153184708242,-1.311189255399841,0.74949075941377441,0,0,0,0,0,0,0,0,0,0,0,0,0.073946366312305223,0,0,0,0,0,0,0,0,0,0,0,0,0,0,0,0,0,0,0,0,0,0,0,0,0,0,0,0,0,0,0,0,0,0,0,0,0,0,0,0,0,0,0,0,0,0,0,0,0,2250,2250,400,400,400,500,300,300,500,3000,3000,40,60,60,750,750,40,60,60,500,500,45,45,45,45,45,45,30,30,30,30,12,12,4,7,7,4,7,7,4,12,12,2,4.5,4.5,7.5,7.5,2,4.5,4.5,5,5,3,3,3,3,3,3,3,3,3,3
80,1.6000000000000001,SPIN001_POST_STRIKE_DWELL,1160,0,-0.24609999999999999,-0.24609999999999999,0,0.0055999999999999999,-0.0055999999999999999,0,-0.034799999999999998,0.034799999999999998,0,0.44679999999999997,0.44679999999999997,0,-1.5717121254060076,-0.8098387459870936,-0.18540000000000001,-0.18540000000000001,0,0.29936459787956377,-0.91373488073538678,-0.0077999999999999996,0.0077999999999999996,-0.17191156192620849,0.11037164166144869,-0.016539307308662706,-0.34663976868654278,0.025855783413169704,0.5259999999999998,0.028596479664696445,0.20137153184708242,-1.311189255399841,0.74949075941377441,0,0,0,0,0,0,0,0,0,0,0,0,0.044810242341092321,0,0,0,0,0,0,0,0,0,0,0,0,0,0,0,0,0,0,0,0,0,0,0,0,0,0,0,0,0,0,0,0,0,0,0,0,0,0,0,0,0,0,0,0,0,0,0,0,0,2250,2250,400,400,400,500,300,300,500,3000,3000,40,60,60,750,750,40,60,60,500,500,45,45,45,45,45,45,30,30,30,30,12,12,4,7,7,4,7,7,4,12,12,2,4.5,4.5,7.5,7.5,2,4.5,4.5,5,5,3,3,3,3,3,3,3,3,3,3
81,1.6200000000000001,SPIN001_POST_STRIKE_DWELL,1162,0,-0.24609999999999999,-0.24609999999999999,0,0.0055999999999999999,-0.0055999999999999999,0,-0.034799999999999998,0.034799999999999998,0,0.44679999999999997,0.44679999999999997,0,-1.57107982016481,-0.8098387459870936,-0.18540000000000001,-0.18540000000000001,0,0.29936459787956377,-0.91373488073538678,-0.0077999999999999996,0.0077999999999999996,-0.17191156192620849,0.11037164166144869,-0.016539307308662706,-0.34663976868654278,0.025855783413169704,0.5259999999999998,0.028596479664696445,0.20137153184708242,-1.311189255399841,0.74949075941377441,0,0,0,0,0,0,0,0,0,0,0,0,0.021970200331511425,0,0,0,0,0,0,0,0,0,0,0,0,0,0,0,0,0,0,0,0,0,0,0,0,0,0,0,0,0,0,0,0,0,0,0,0,0,0,0,0,0,0,0,0,0,0,0,0,0,2250,2250,400,400,400,500,300,300,500,3000,3000,40,60,60,750,750,40,60,60,500,500,45,45,45,45,45,45,30,30,30,30,12,12,4,7,7,4,7,7,4,12,12,2,4.5,4.5,7.5,7.5,2,4.5,4.5,5,5,3,3,3,3,3,3,3,3,3,3
82,1.6399999999999999,SPIN001_POST_STRIKE_DWELL,1164,0,-0.24609999999999999,-0.24609999999999999,0,0.0055999999999999999,-0.0055999999999999999,0,-0.034799999999999998,0.034799999999999998,0,0.44679999999999997,0.44679999999999997,0,-1.5708333173927471,-0.8098387459870936,-0.18540000000000001,-0.18540000000000001,0,0.29936459787956377,-0.91373488073538678,-0.0077999999999999996,0.0077999999999999996,-0.17191156192620849,0.11037164166144869,-0.016539307308662706,-0.34663976868654278,0.025855783413169704,0.5259999999999998,0.028596479664696445,0.20137153184708242,-1.311189255399841,0.74949075941377441,0,0,0,0,0,0,0,0,0,0,0,0,0.007087334247835031,0,0,0,0,0,0,0,0,0,0,0,0,0,0,0,0,0,0,0,0,0,0,0,0,0,0,0,0,0,0,0,0,0,0,0,0,0,0,0,0,0,0,0,0,0,0,0,0,0,2250,2250,400,400,400,500,300,300,500,3000,3000,40,60,60,750,750,40,60,60,500,500,45,45,45,45,45,45,30,30,30,30,12,12,4,7,7,4,7,7,4,12,12,2,4.5,4.5,7.5,7.5,2,4.5,4.5,5,5,3,3,3,3,3,3,3,3,3,3
83,1.6599999999999999,SPIN001_POST_STRIKE_DWELL,1166,384,-0.24609999999999999,-0.24609999999999999,0,0.0055999999999999999,-0.0055999999999999999,0,-0.034799999999999998,0.034799999999999998,0,0.44679999999999997,0.44679999999999997,0,-1.5707963267948966,-0.8098387459870936,-0.18540000000000001,-0.18540000000000001,0,0.29936459787956377,-0.91373488073538678,-0.0077999999999999996,0.0077999999999999996,-0.17191156192620849,0.11037164166144869,-0.016539307308662706,-0.34663976868654278,0.025855783413169704,0.5259999999999998,0.028596479664696445,0.20137153184708242,-1.311189255399841,0.74949075941377441,0,0,0,0,0,0,0,0,0,0,0,0,0.0018495298925280679,0,0,0,0,0,0,0,0,0,0,0,0,0,0,0,0,0,0,0,0,0,0,0,0,0,0,0,0,0,0,0,0,0,0,0,0,0,0,0,0,0,0,0,0,0,0,0,0,0,2250,2250,400,400,400,500,300,300,500,3000,3000,40,60,60,750,750,40,60,60,500,500,45,45,45,45,45,45,30,30,30,30,12,12,4,7,7,4,7,7,4,12,12,2,4.5,4.5,7.5,7.5,2,4.5,4.5,5,5,3,3,3,3,3,3,3,3,3,3
