File Type, RigidBody Asset
Version,1
Name,A3
ID,4441039523495088625
Color,238,128,255
Units,m
StreamingID,9
Point,Point 1,-0.102864,0.001691,0.002769,None
Point,Point 2,-0.062196,-0.001870,0.045221,None
Point,Point 3,0.042939,-0.043537,-0.094402,None
Point,Point 4,-0.019572,-0.002273,0.054792,None
Point,Point 5,0.037290,-0.010935,0.054072,None
Point,Point 6,-0.067772,-0.066284,0.049337,None
Point,Point 7,0.000405,-0.066657,0.062360,None
Point,Point 8,-0.013532,-0.006268,-0.104514,None
Point,Point 9,0.048321,0.037633,0.026400,None
Point,Point 10,0.059156,0.038748,-0.016748,None
Point,Point 11,-0.091536,0.009952,-0.054181,None
Point,Point 12,0.072533,0.007343,-0.029097,None
Point,Point 13,0.013233,0.031601,0.053912,None
Point,Point 14,0.044876,0.049714,-0.063055,None
Point,Point 15,-0.018182,0.015976,-0.014846,None
Point,Point 16,0.056993,0.004960,0.028052,None
