File Type, RigidBody Asset
Version,1
Name,P1
ID,4441039523495088625
Color,238,128,255
Units,m
StreamingID,9
Point,Point 1,0.036169496495,-0.092776873550,0.080165365710,None
Point,Point 2,0.068248912378,-0.092685830227,0.030773159247,None
Point,Point 4,0.067737573941,-0.092956757990,-0.012910445115,None
Point,Point 5,0.054878460858,-0.102815277773,-0.068103314327,None
Point,Point 6,0.080415138971,-0.156180643333,0.034968797495,None
Point,Point 7,0.077357006407,-0.156584295660,-0.034373558036,None
Point,Point 8,-0.087310002627,-0.113817836285,0.018009384087,None
Point,Point 10,-0.023977454292,-0.061320704853,-0.072796841074,None
Point,Point 11,-0.022406926585,-0.090789202541,0.082340374283,None
Point,Point 12,-0.035636494828,-0.094120234319,-0.083094286607,None
Point,Point 14,-0.066653540449,-0.054997949907,-0.048155432531,None
Point,Point 16,0.023472614731,-0.090155439561,-0.081191298132,None
